JC No.,Process,In Time,Out Time,Completed,Actual Days,Supervisor
0000112334,Drawing,2026-06-27 11:00:48,2026-06-27 11:06:30,YES,0,-
0000112334,Raw Material,2026-06-27 11:06:30,2026-07-02 18:02:19,YES,5,-
0000112334,Cutting,2026-07-02 18:02:19,2026-07-04 08:44:40,YES,2,-
0000112334,Rough Turning,2026-07-04 08:44:40,2026-07-07 14:59:09,YES,3,-
0000112334,Heat Treatment,2026-07-07 14:59:09,2026-07-14 08:40:47,YES,7,-
0000112334,CNC Machining 1st Side,2026-07-14 08:40:47,2026-07-25 16:17:19,YES,11,-
0000112334,CNC Machining 2nd Side,2026-07-25 16:17:19,2026-08-01 16:10:29,YES,7,-
0000112334,Slitting,2026-08-01 16:10:29,2026-08-03 08:36:22,YES,2,-
0000112334,Quality Check,2026-08-03 08:36:22,2026-08-08 15:34:46,YES,5,-
0000112334,Assembly,2026-08-08 15:34:46,2026-08-08 16:58:26,YES,0,-
0000112334,Store,2026-08-08 16:58:26,2026-08-08 16:58:26,YES,0,-
0000112335,Drawing,2026-06-27 11:03:06,2026-06-27 11:06:26,YES,0,-
0000112335,Raw Material,2026-06-27 11:06:26,2026-07-02 11:41:59,YES,5,-
0000112335,Cutting,2026-07-02 11:41:59,2026-07-02 11:42:32,YES,0,-
0000112335,Rough Turning,2026-07-02 11:42:32,2026-07-09 11:04:25,YES,7,-
0000112335,Heat Treatment,2026-07-09 11:04:25,2026-08-08 08:46:01,YES,30,-
0000112335,CNC Machining 1st Side,2026-08-08 08:46:01,2026-08-08 08:46:27,YES,0,-
0000112335,CNC Machining 2nd Side,2026-08-08 08:46:27,2026-08-08 08:46:30,YES,0,-
0000112335,Slitting,2026-08-08 08:46:30,2026-08-08 08:46:44,YES,0,-
0000112335,Quality Check,2026-08-08 08:46:44,2026-08-08 15:36:16,YES,0,-
0000112335,Assembly,2026-08-08 15:36:16,2026-08-08 16:58:08,YES,0,-
0000112335,Store,2026-08-08 16:58:08,2026-08-08 16:58:08,YES,0,-
0000112396,Drawing,2026-06-27 04:50:29,2026-06-27 04:51:55,YES,0,-
0000112396,Raw Material,2026-06-27 04:51:55,2026-06-27 09:53:07,YES,0,-
0000112396,Cutting,2026-06-27 09:53:07,2026-07-02 13:44:26,YES,5,-
0000112396,Rough Turning,2026-07-02 13:44:26,2026-07-09 15:57:26,YES,7,-
0000112396,Heat Treatment,2026-07-09 15:57:26,2026-07-18 17:10:03,YES,9,-
0000112396,CNC Machining 1st Side,2026-07-18 17:10:03,2026-07-25 16:14:47,YES,7,-
0000112396,CNC Machining 2nd Side,2026-07-25 16:14:47,2026-08-01 15:54:56,YES,7,-
0000112396,Slitting,2026-08-01 15:54:56,2026-08-10 17:00:08,YES,9,-
0000112396,Quality Check,2026-08-10 17:00:08,2026-08-12 14:07:11,YES,2,-
0000112396,Store,2026-08-14 08:12:15,2026-08-14 08:12:15,YES,0,-
0000112399,Drawing,2026-06-27 08:23:14,2026-06-27 08:33:42,YES,0,-
0000112399,Raw Material,2026-06-27 08:33:42,2026-06-27 09:53:33,YES,0,-
0000112399,Cutting,2026-06-27 09:53:33,2026-07-03 08:27:47,YES,6,-
0000112399,Rough Turning,2026-07-03 08:27:47,2026-07-10 13:52:24,YES,7,-
0000112399,Heat Treatment,2026-07-10 13:52:24,2026-07-15 10:52:41,YES,5,-
0000112399,CNC Machining 1st Side,2026-07-15 10:52:41,2026-07-25 16:15:37,YES,10,-
0000112399,CNC Machining 2nd Side,2026-07-25 16:15:37,2026-08-01 15:56:46,YES,7,-
0000112399,Slitting,2026-08-01 15:56:46,2026-08-05 12:18:35,YES,4,-
0000112399,Quality Check,2026-08-05 12:18:35,2026-08-08 15:32:38,YES,3,-
0000112399,Assembly,2026-08-08 15:32:38,2026-08-08 17:00:27,YES,0,-
0000112399,Store,2026-08-08 17:00:27,2026-08-08 17:00:27,YES,0,-
0000112401,Drawing,2026-06-27 08:35:59,2026-06-27 08:40:00,YES,0,-
0000112401,Raw Material,2026-06-27 08:40:00,2026-06-27 09:58:04,YES,0,-
0000112401,Cutting,2026-06-27 09:58:04,2026-07-02 13:44:03,YES,5,-
0000112401,Rough Turning,2026-07-02 13:44:03,2026-07-09 15:56:44,YES,7,-
0000112401,Heat Treatment,2026-07-09 15:56:44,2026-07-18 17:09:56,YES,9,-
0000112401,CNC Machining 1st Side,2026-07-18 17:09:56,2026-08-01 15:57:38,YES,14,-
0000112401,CNC Machining 2nd Side,2026-08-01 15:57:38,2026-08-01 15:57:41,YES,0,-
0000112401,Slitting,2026-08-01 15:57:41,2026-08-03 08:37:00,YES,2,-
0000112401,Quality Check,2026-08-03 08:37:00,2026-08-08 15:32:58,YES,5,-
0000112401,Assembly,2026-08-08 15:32:58,2026-08-08 16:59:52,YES,0,-
0000112401,Store,2026-08-08 16:59:52,2026-08-08 16:59:52,YES,0,-
0000112402,Drawing,2026-06-27 08:37:15,2026-06-27 08:39:55,YES,0,-
0000112402,Raw Material,2026-06-27 08:39:55,2026-06-27 09:58:16,YES,0,-
0000112402,Cutting,2026-06-27 09:58:16,2026-07-03 08:28:36,YES,6,-
0000112402,Rough Turning,2026-07-03 08:28:36,2026-07-10 16:41:22,YES,7,-
0000112402,Heat Treatment,2026-07-10 16:41:22,2026-07-15 10:52:50,YES,5,-
0000112402,CNC Machining 1st Side,2026-07-15 10:52:50,2026-08-01 15:58:24,YES,17,-
0000112402,CNC Machining 2nd Side,2026-08-01 15:58:24,2026-08-01 15:58:28,YES,0,-
0000112402,Slitting,2026-08-01 15:58:28,2026-08-03 08:36:50,YES,2,-
0000112402,Quality Check,2026-08-03 08:36:50,2026-08-08 15:33:26,YES,5,-
0000112402,Assembly,2026-08-08 15:33:26,2026-08-08 16:59:25,YES,0,-
0000112402,Store,2026-08-08 16:59:25,2026-08-08 16:59:25,YES,0,-
0000112407,Drawing,2026-06-26 00:00:00,2026-06-26 00:00:00,YES,0,-
0000112407,Raw Material,2026-06-26 00:00:00,2026-07-02 16:41:38,YES,6,-
0000112407,Cutting,2026-07-02 16:41:38,2026-07-02 16:42:05,YES,0,-
0000112407,Forging,2026-07-02 16:42:05,2026-07-20 10:16:44,YES,18,-
0000112407,Rough Turning,2026-07-20 10:16:44,2026-07-20 10:16:49,YES,0,-
0000112407,Heat Treatment,2026-07-20 10:16:49,2026-07-22 14:02:30,YES,2,-
0000112407,CNC Machining 1st Side,2026-07-22 14:02:30,2026-08-01 16:07:57,YES,10,-
0000112407,CNC Machining 2nd Side,2026-08-01 16:07:57,2026-08-01 16:08:01,YES,0,-
0000112407,CNC Machining 3rd Side,2026-08-01 16:08:01,2026-08-01 16:08:04,YES,0,-
0000112407,Quality Check,2026-08-01 16:08:04,2026-08-08 15:33:40,YES,7,-
0000112407,Assembly,2026-08-08 15:33:40,2026-08-08 16:59:12,YES,0,-
0000112407,Store,2026-08-08 16:59:12,2026-08-08 16:59:12,YES,0,-
0000112408,Drawing,2026-06-26 00:00:00,2026-06-26 00:00:00,YES,0,-
0000112408,Raw Material,2026-06-26 00:00:00,2026-07-02 16:40:46,YES,6,-
0000112408,Cutting,2026-07-02 16:40:46,2026-07-02 16:40:57,YES,0,-
0000112408,Forging,2026-07-02 16:40:57,2026-07-07 12:08:55,YES,5,-
0000112408,Rough Turning,2026-07-07 12:08:55,2026-07-20 10:16:59,YES,13,-
0000112408,Heat Treatment,2026-07-20 10:16:59,2026-07-22 14:02:36,YES,2,-
0000112408,CNC Machining 1st Side,2026-07-22 14:02:36,2026-08-01 16:07:09,YES,10,-
0000112408,CNC Machining 2nd Side,2026-08-01 16:07:09,2026-08-01 16:07:15,YES,0,-
0000112408,CNC Machining 3rd Side,2026-08-01 16:07:15,2026-08-01 16:07:19,YES,0,-
0000112408,Quality Check,2026-08-01 16:07:19,2026-08-08 15:33:52,YES,7,-
0000112408,Assembly,2026-08-08 15:33:52,2026-08-08 16:58:54,YES,0,-
0000112408,Store,2026-08-08 16:58:54,2026-08-08 16:58:54,YES,0,-
0000112409,Cutting,2026-07-02 11:44:02,2026-07-02 11:44:23,YES,0,-
0000112409,Forging,2026-07-02 11:44:23,2026-07-09 09:29:52,YES,7,-
0000112409,Rough Turning,2026-07-09 09:29:52,2026-07-20 10:40:43,YES,11,-
0000112409,Heat Treatment,2026-07-20 10:40:43,2026-07-23 14:29:40,YES,3,-
0000112409,CNC Machining 1st Side,2026-07-23 14:29:40,2026-08-01 16:06:24,YES,9,-
0000112409,Slitting,2026-08-01 16:06:24,2026-08-03 08:36:36,YES,2,-
0000112409,Quality Check,2026-08-03 08:36:36,2026-08-08 15:34:02,YES,5,-
0000112409,Assembly,2026-08-08 15:34:02,2026-08-08 16:58:40,YES,0,-
0000112409,Store,2026-08-08 16:58:40,2026-08-08 16:58:40,YES,0,-
0000112412,Drawing,2026-06-27 05:15:33,2026-06-27 05:24:12,YES,0,-
0000112412,Raw Material,2026-06-27 05:24:12,2026-06-27 09:59:11,YES,0,-
0000112412,Cutting,2026-06-27 09:59:11,2026-07-03 09:33:52,YES,6,-
0000112412,Rough Turning,2026-07-03 09:33:52,2026-07-09 16:03:50,YES,6,-
0000112412,Heat Treatment,2026-07-09 16:03:50,2026-07-14 09:24:44,YES,5,-
0000112412,Keyway,2026-07-14 09:24:44,2026-08-07 18:02:06,YES,24,-
0000112412,ID Grinding,2026-08-07 18:02:06,2026-08-07 18:02:09,YES,0,-
0000112412,OD Grinding,2026-08-07 18:02:09,2026-08-07 18:02:11,YES,0,-
0000112412,Quality Check,2026-08-07 18:02:11,2026-08-08 17:00:46,YES,1,-
0000112412,Assembly,2026-08-08 17:00:46,2026-08-08 17:00:49,YES,0,-
0000112412,Store,2026-08-08 17:00:49,2026-08-08 17:00:49,YES,0,-
0000112413,Drawing,2026-06-27 05:20:20,2026-06-27 05:23:47,YES,0,-
0000112413,Raw Material,2026-06-27 05:23:47,2026-06-27 09:59:17,YES,0,-
0000112413,Cutting,2026-06-27 09:59:17,2026-07-01 16:09:37,YES,4,-
0000112413,Rough Turning,2026-07-01 16:09:37,2026-07-20 10:05:44,YES,19,-
0000112413,Drilling & Tapping,2026-07-20 10:05:44,2026-07-20 10:05:54,YES,0,-
0000112413,Heat Treatment,2026-07-20 10:05:54,2026-07-23 11:28:49,YES,3,-
0000112413,ID Grinding,2026-07-23 11:28:49,2026-08-10 09:45:19,YES,18,-
0000112413,OD Grinding,2026-08-10 09:45:19,2026-08-10 09:45:22,YES,0,-
0000112413,Quality Check,2026-08-10 09:45:22,2026-08-12 14:07:17,YES,2,-
0000112413,Store,2026-08-14 08:12:00,2026-08-14 08:12:00,YES,0,-
0000112430,Drawing,2026-06-29 12:00:22,2026-06-29 12:05:46,YES,0,-
0000112430,Raw Material,2026-06-29 12:05:46,2026-07-07 09:28:17,YES,8,-
0000112430,Cutting,2026-07-07 09:28:17,2026-07-07 09:28:23,YES,0,-
0000112430,Rough Turning,2026-07-07 09:28:23,2026-07-08 12:35:50,YES,1,-
0000112430,CNC Machining 1st Side,2026-07-08 12:35:50,2026-08-01 16:15:06,YES,24,-
0000112430,CNC Machining 2nd Side,2026-08-01 16:15:06,2026-08-01 16:15:10,YES,0,-
0000112430,Quality Check,2026-08-01 16:15:10,2026-08-08 15:36:37,YES,7,-
0000112430,Assembly,2026-08-08 15:36:37,2026-08-08 16:57:53,YES,0,-
0000112430,Store,2026-08-08 16:57:53,2026-08-08 16:57:53,YES,0,-
0000112431,Drawing,2026-06-29 12:03:35,2026-07-02 16:52:19,YES,3,-
0000112431,Raw Material,2026-06-29 12:05:40,2026-07-08 14:25:58,YES,9,-
0000112431,Cutting,2026-07-08 14:25:58,2026-07-08 14:26:05,YES,0,-
0000112431,Rough Turning,2026-07-08 14:26:05,2026-07-20 10:40:28,YES,12,-
0000112431,CNC Machining 1st Side,2026-07-20 10:40:28,2026-08-01 16:15:43,YES,12,-
0000112431,CNC Machining 2nd Side,2026-08-01 16:15:43,2026-08-01 16:15:47,YES,0,-
0000112431,Quality Check,2026-08-01 16:15:47,2026-08-08 15:36:50,YES,7,-
0000112431,Assembly,2026-08-08 15:36:50,2026-08-08 16:57:27,YES,0,-
0000112431,Store,2026-08-08 16:57:27,2026-08-08 16:57:27,YES,0,-
0000112484,Drawing,2026-06-29 18:13:35,2026-07-02 16:51:23,YES,3,-
0000112484,Raw Material,2026-06-29 18:14:38,2026-07-02 16:51:26,YES,3,-
0000112484,Cutting,2026-06-30 10:33:47,2026-07-11 14:22:44,YES,11,-
0000112484,Forging,2026-07-11 14:22:44,2026-07-21 11:35:09,YES,10,-
0000112484,Rough Turning,2026-07-21 11:35:09,2026-07-28 13:45:53,YES,7,-
0000112484,Heat Treatment,2026-07-28 13:45:53,2026-08-06 16:50:54,YES,9,-
0000112484,CNC Machining 1st Side,2026-08-06 16:50:54,2026-08-10 12:19:05,YES,4,-
0000112484,CNC Machining 2nd Side,2026-08-10 12:19:05,2026-08-10 12:19:08,YES,0,-
0000112484,Drilling & Tapping,2026-08-10 12:19:08,2026-08-12 15:22:41,YES,2,-
0000112484,Quality Check,2026-08-12 15:22:41,2026-08-14 08:25:37,YES,2,-
0000112484,Store,2026-08-14 08:25:37,2026-08-14 08:25:37,YES,0,-
0000112487,Drawing,2026-06-30 09:24:06,2026-07-02 16:49:30,YES,2,-
0000112487,Raw Material,2026-06-30 10:34:05,2026-07-02 16:49:35,YES,2,-
0000112487,Cutting,2026-07-02 16:49:35,2026-07-13 09:48:26,YES,11,-
0000112487,Rough Turning,2026-07-13 09:48:26,2026-07-23 15:41:40,YES,10,-
0000112487,CNC Machining 1st Side,2026-07-23 15:41:40,2026-07-23 15:41:44,YES,0,-
0000112487,CNC Machining 2nd Side,2026-07-23 15:41:44,2026-07-23 15:41:47,YES,0,-
0000112487,Slitting,2026-07-23 15:41:47,2026-07-30 12:14:09,YES,7,-
0000112487,Keyway,2026-07-30 12:14:09,2026-07-30 12:14:15,YES,0,-
0000112487,Quality Check,2026-07-30 12:14:15,2026-08-08 15:37:12,YES,9,-
0000112487,Assembly,2026-08-08 15:37:12,2026-08-08 16:57:08,YES,0,-
0000112487,Store,2026-08-08 16:57:08,2026-08-08 16:57:08,YES,0,-
0000112488,Drawing,2026-06-30 09:27:07,2026-07-02 16:49:42,YES,2,-
0000112488,Raw Material,2026-06-30 10:34:01,2026-07-02 16:49:46,YES,2,-
0000112488,Cutting,2026-07-02 16:49:46,2026-07-06 10:12:28,YES,4,-
0000112488,Rough Turning,2026-07-06 10:12:28,2026-07-20 10:17:15,YES,14,-
0000112488,Heat Treatment,2026-07-20 10:17:15,2026-07-29 15:52:13,YES,9,-
0000112488,Keyway,2026-07-29 15:52:13,2026-08-07 18:00:32,YES,9,-
0000112488,ID Grinding,2026-08-07 18:00:32,2026-08-07 18:00:35,YES,0,-
0000112488,OD Grinding,2026-08-07 18:00:35,2026-08-07 18:00:38,YES,0,-
0000112488,Quality Check,2026-08-07 18:00:38,2026-08-08 15:39:13,YES,1,-
0000112488,Assembly,2026-08-08 15:39:13,2026-08-08 16:56:48,YES,0,-
0000112488,Store,2026-08-08 16:56:48,2026-08-08 16:56:48,YES,0,-
0000112490,Drawing,2026-06-30 09:31:12,2026-07-02 16:50:13,YES,2,-
0000112490,Raw Material,2026-06-30 10:33:42,2026-07-02 16:50:28,YES,2,-
0000112490,Cutting,2026-07-02 16:50:28,2026-07-08 13:37:58,YES,6,-
0000112490,Rough Turning,2026-07-08 13:37:58,2026-07-20 10:40:11,YES,12,-
0000112490,Drilling & Tapping,2026-07-20 10:40:11,2026-08-01 16:18:21,YES,12,-
0000112490,Quality Check,2026-08-01 16:18:21,2026-08-08 15:40:33,YES,7,-
0000112490,Assembly,2026-08-08 15:40:33,2026-08-08 16:56:38,YES,0,-
0000112490,Store,2026-08-08 16:56:38,2026-08-08 16:56:38,YES,0,-
0000112493,Cutting,2026-07-02 16:50:51,2026-07-13 15:21:12,YES,11,-
0000112493,Forging,2026-07-13 15:21:12,2026-07-20 12:15:12,YES,7,-
0000112493,Rough Turning,2026-07-20 12:15:12,2026-07-20 12:15:14,YES,0,-
0000112493,Heat Treatment,2026-07-20 12:15:14,2026-07-26 10:06:55,YES,6,-
0000112493,CNC Machining 1st Side,2026-07-26 10:06:55,2026-08-01 16:19:17,YES,6,-
0000112493,Slitting,2026-08-01 16:19:17,2026-08-03 08:36:13,YES,2,-
0000112493,Quality Check,2026-08-03 08:36:13,2026-08-08 15:43:12,YES,5,-
0000112493,Assembly,2026-08-08 15:43:12,2026-08-08 16:56:22,YES,0,-
0000112493,Store,2026-08-08 16:56:22,2026-08-08 16:56:22,YES,0,-
0000112523,Cutting,2026-06-30 17:20:15,2026-07-04 08:44:05,YES,4,-
0000112523,Rough Turning,2026-07-04 08:44:05,2026-07-10 16:43:42,YES,6,-
0000112523,Heat Treatment,2026-07-10 16:43:42,2026-07-14 09:26:33,YES,4,-
0000112523,CNC Machining 1st Side,2026-07-14 09:26:34,2026-07-25 16:23:36,YES,11,-
0000112523,CNC Machining 2nd Side,2026-07-25 16:23:36,2026-07-26 18:28:46,YES,1,-
0000112523,Drilling & Tapping,2026-07-26 18:28:46,2026-08-01 16:38:18,YES,6,-
0000112523,Slitting,2026-08-01 16:38:18,2026-08-03 08:35:51,YES,2,-
0000112523,Quality Check,2026-08-03 08:35:51,2026-08-08 15:44:14,YES,5,-
0000112523,Assembly,2026-08-08 15:44:14,2026-08-08 16:55:31,YES,0,-
0000112523,Store,2026-08-08 16:55:31,2026-08-08 16:55:31,YES,0,-
0000112524,Cutting,2026-06-30 17:21:55,2026-07-08 10:04:20,YES,8,-
0000112524,Rough Turning,2026-07-08 10:04:20,2026-07-10 16:40:08,YES,2,-
0000112524,Heat Treatment,2026-07-10 16:40:08,2026-07-15 10:52:12,YES,5,-
0000112524,CNC Machining 1st Side,2026-07-15 10:52:12,2026-07-25 16:23:16,YES,10,-
0000112524,CNC Machining 2nd Side,2026-07-25 16:23:16,2026-07-26 18:28:07,YES,1,-
0000112524,Drilling & Tapping,2026-07-26 18:28:07,2026-08-01 16:39:12,YES,6,-
0000112524,Slitting,2026-08-01 16:39:12,2026-08-03 08:35:42,YES,2,-
0000112524,Quality Check,2026-08-03 08:35:42,2026-08-08 15:44:44,YES,5,-
0000112524,Assembly,2026-08-08 15:44:44,2026-08-08 16:55:14,YES,0,-
0000112524,Store,2026-08-08 16:55:14,2026-08-08 16:55:14,YES,0,-
0000112589,Drawing,2026-07-02 12:02:00,2026-07-02 12:17:37,YES,0,-
0000112589,Raw Material,2026-07-02 12:17:37,2026-07-02 20:33:52,YES,0,-
0000112589,Cutting,2026-07-02 20:33:52,2026-07-11 09:02:15,YES,9,-
0000112589,Rough Turning,2026-07-11 09:02:15,2026-07-20 10:17:37,YES,9,-
0000112589,Heat Treatment,2026-07-20 10:17:37,2026-07-29 15:53:09,YES,9,-
0000112589,Keyway,2026-07-29 15:53:09,2026-08-07 17:59:19,YES,9,-
0000112589,ID Grinding,2026-08-07 17:59:19,2026-08-07 17:59:23,YES,0,-
0000112589,OD Grinding,2026-08-07 17:59:23,2026-08-07 17:59:26,YES,0,-
0000112589,Quality Check,2026-08-07 17:59:26,2026-08-08 15:45:20,YES,1,-
0000112589,Assembly,2026-08-08 15:45:20,2026-08-08 15:45:29,YES,0,-
0000112589,Store,2026-08-08 15:45:29,2026-08-08 15:45:29,YES,0,-
0000112590,Drawing,2026-07-02 12:02:00,2026-07-02 12:17:33,YES,0,-
0000112590,Raw Material,2026-07-02 12:17:33,2026-07-02 20:33:55,YES,0,-
0000112590,Cutting,2026-07-02 20:33:55,2026-07-09 09:32:36,YES,7,-
0000112590,Rough Turning,2026-07-09 09:32:36,2026-07-20 10:06:08,YES,11,-
0000112590,Heat Treatment,2026-07-20 10:06:08,2026-07-29 15:49:36,YES,9,-
0000112590,Keyway,2026-07-29 15:49:36,2026-08-07 17:59:42,YES,9,-
0000112590,ID Grinding,2026-08-07 17:59:42,2026-08-07 17:59:45,YES,0,-
0000112590,OD Grinding,2026-08-07 17:59:45,2026-08-07 17:59:48,YES,0,-
0000112590,Quality Check,2026-08-07 17:59:48,2026-08-08 15:46:15,YES,1,-
0000112590,Assembly,2026-08-08 15:46:15,2026-08-08 16:54:56,YES,0,-
0000112590,Store,2026-08-08 16:54:56,2026-08-08 16:54:56,YES,0,-
0000112598,Drawing,2026-07-02 12:24:40,2026-07-02 12:34:24,YES,0,-
0000112598,Raw Material,2026-07-02 12:34:24,2026-07-02 20:35:47,YES,0,-
0000112598,Cutting,2026-07-02 20:35:47,2026-07-07 09:31:53,YES,5,-
0000112598,Rough Turning,2026-07-07 09:31:53,2026-07-08 12:33:38,YES,1,-
0000112598,Drilling & Tapping,2026-07-08 12:33:38,2026-07-10 14:33:10,YES,2,-
0000112598,Heat Treatment,2026-07-10 14:33:10,2026-07-18 16:20:17,YES,8,-
0000112598,Keyway,2026-07-18 16:20:17,2026-08-07 17:58:54,YES,20,-
0000112598,ID Grinding,2026-08-07 17:58:54,2026-08-07 17:58:57,YES,0,-
0000112598,OD Grinding,2026-08-07 17:58:57,2026-08-07 17:59:00,YES,0,-
0000112598,Quality Check,2026-08-07 17:59:00,2026-08-08 15:49:56,YES,1,-
0000112598,Assembly,2026-08-08 15:49:56,2026-08-08 16:54:40,YES,0,-
0000112598,Store,2026-08-08 16:54:40,2026-08-08 16:54:40,YES,0,-
0000112603,Cutting,2026-07-10 12:23:40,2026-07-10 12:23:47,YES,0,-
0000112603,Rough Turning,2026-07-10 12:23:47,2026-07-23 16:36:12,YES,13,-
0000112603,Heat Treatment,2026-07-23 16:36:12,2026-08-03 08:55:48,YES,11,-
0000112603,CNC Machining 1st Side,2026-08-03 08:55:48,2026-08-04 08:35:25,YES,1,-
0000112603,CNC Machining 2nd Side,2026-08-04 08:35:25,2026-08-04 08:35:33,YES,0,-
0000112603,VMC,2026-08-04 08:35:33,2026-08-04 08:35:47,YES,0,-
0000112603,Balancing,2026-08-04 08:35:47,2026-08-08 08:52:52,YES,4,-
0000112603,Slitting,2026-08-08 08:52:52,2026-08-10 17:01:16,YES,2,-
0000112603,Quality Check,2026-08-10 17:01:16,2026-08-12 14:07:47,YES,2,-
0000112603,Store,2026-08-14 08:11:09,2026-08-14 08:11:09,YES,0,-
0000112604,Drawing,2026-07-02 12:24:40,2026-07-02 12:34:19,YES,0,-
0000112604,Raw Material,2026-07-02 12:34:19,2026-07-02 20:18:57,YES,0,-
0000112604,Cutting,2026-07-02 20:18:57,2026-07-03 17:13:50,YES,1,-
0000112604,Rough Turning,2026-07-03 17:13:50,2026-07-10 16:42:39,YES,7,-
0000112604,Heat Treatment,2026-07-10 16:42:39,2026-07-18 14:19:34,YES,8,-
0000112604,CNC Machining 1st Side,2026-07-18 14:19:34,2026-08-01 16:43:52,YES,14,-
0000112604,CNC Machining 2nd Side,2026-08-01 16:43:52,2026-08-01 16:43:56,YES,0,-
0000112604,Drilling & Tapping,2026-08-01 16:43:56,2026-08-01 16:43:59,YES,0,-
0000112604,Slitting,2026-08-01 16:43:59,2026-08-03 08:35:10,YES,2,-
0000112604,Quality Check,2026-08-03 08:35:10,2026-08-08 15:47:53,YES,5,-
0000112604,Assembly,2026-08-08 15:47:53,2026-08-08 17:04:34,YES,0,-
0000112604,Store,2026-08-08 17:04:34,2026-08-08 17:04:34,YES,0,-
0000112605,Drawing,2026-07-02 12:24:40,2026-07-02 12:34:15,YES,0,-
0000112605,Raw Material,2026-07-02 12:34:15,2026-07-02 20:19:00,YES,0,-
0000112605,Cutting,2026-07-02 20:19:00,2026-07-03 17:14:16,YES,1,-
0000112605,Rough Turning,2026-07-03 17:14:16,2026-07-10 16:42:27,YES,7,-
0000112605,Heat Treatment,2026-07-10 16:42:27,2026-07-18 14:19:27,YES,8,-
0000112605,CNC Machining 1st Side,2026-07-18 14:19:27,2026-08-01 16:43:03,YES,14,-
0000112605,CNC Machining 2nd Side,2026-08-01 16:43:03,2026-08-01 16:43:08,YES,0,-
0000112605,Drilling & Tapping,2026-08-01 16:43:08,2026-08-01 16:43:12,YES,0,-
0000112605,Slitting,2026-08-01 16:43:12,2026-08-03 08:35:24,YES,2,-
0000112605,Quality Check,2026-08-03 08:35:24,2026-08-08 15:48:19,YES,5,-
0000112605,Assembly,2026-08-08 15:48:19,2026-08-08 16:54:08,YES,0,-
0000112605,Store,2026-08-08 16:54:08,2026-08-08 16:54:08,YES,0,-
0000112663,Cutting,2026-07-07 09:31:00,2026-07-07 12:04:54,YES,0,-
0000112663,Rough Turning,2026-07-07 12:05:20,2026-07-08 12:35:28,YES,1,-
0000112663,Drilling & Tapping,2026-07-08 12:35:28,2026-07-10 16:46:37,YES,2,-
0000112663,Heat Treatment,2026-07-10 16:46:37,2026-07-23 16:24:06,YES,13,-
0000112663,Keyway,2026-07-23 16:24:06,2026-08-07 17:58:25,YES,15,-
0000112663,ID Grinding,2026-08-07 17:58:25,2026-08-07 17:58:27,YES,0,-
0000112663,OD Grinding,2026-08-07 17:58:27,2026-08-07 17:58:30,YES,0,-
0000112663,Quality Check,2026-08-07 17:58:30,2026-08-08 15:50:10,YES,1,-
0000112663,Assembly,2026-08-08 15:50:10,2026-08-08 16:53:20,YES,0,-
0000112663,Store,2026-08-08 16:53:20,2026-08-08 16:53:20,YES,0,-
0000112693,Cutting,2026-07-02 20:30:40,2026-07-03 17:13:14,YES,1,-
0000112693,Rough Turning,2026-07-03 17:13:14,2026-07-09 16:00:55,YES,6,-
0000112693,Heat Treatment,2026-07-09 16:00:55,2026-07-18 17:11:13,YES,9,-
0000112693,CNC Machining 1st Side,2026-07-18 17:11:13,2026-07-23 16:30:15,YES,5,-
0000112693,CNC Machining 2nd Side,2026-07-23 16:30:15,2026-07-25 16:25:28,YES,2,-
0000112693,CNC Machining 3rd Side,2026-07-25 16:25:28,2026-07-25 16:25:32,YES,0,-
0000112693,Slitting,2026-07-25 16:25:32,2026-07-31 10:11:51,YES,6,-
0000112693,Quality Check,2026-07-31 10:11:51,2026-08-08 16:05:24,YES,8,-
0000112693,Assembly,2026-08-08 16:05:24,2026-08-08 16:45:40,YES,0,-
0000112693,Store,2026-08-08 16:45:40,2026-08-08 16:45:40,YES,0,-
0000112694,Cutting,2026-07-02 20:30:42,2026-07-03 17:12:33,YES,1,-
0000112694,Rough Turning,2026-07-03 17:12:33,2026-07-09 16:01:05,YES,6,-
0000112694,Heat Treatment,2026-07-09 16:01:05,2026-07-18 17:10:11,YES,9,-
0000112694,CNC Machining 1st Side,2026-07-18 17:10:11,2026-07-23 16:30:35,YES,5,-
0000112694,CNC Machining 2nd Side,2026-07-23 16:30:35,2026-07-25 16:25:52,YES,2,-
0000112694,CNC Machining 3rd Side,2026-07-25 16:25:52,2026-07-25 16:25:55,YES,0,-
0000112694,Slitting,2026-07-25 16:25:55,2026-07-31 10:11:57,YES,6,-
0000112694,Quality Check,2026-07-31 10:11:57,2026-08-08 16:11:24,YES,8,-
0000112694,Assembly,2026-08-08 16:11:24,2026-08-08 16:42:27,YES,0,-
0000112694,Store,2026-08-08 16:42:27,2026-08-08 16:42:27,YES,0,-
0000112703,Cutting,2026-07-04 08:52:33,2026-07-17 14:02:44,YES,13,-
0000112703,Rough Turning,2026-07-30 14:09:22,2026-07-30 14:09:22,YES,0,-
0000112703,Heat Treatment,2026-07-30 14:09:22,2026-07-30 14:09:25,YES,0,-
0000112703,Quality Check,2026-07-30 14:09:25,2026-08-08 16:11:46,YES,9,-
0000112703,Assembly,2026-08-08 16:11:46,2026-08-08 16:42:18,YES,0,-
0000112703,Store,2026-08-08 16:42:18,2026-08-08 16:42:18,YES,0,-
0000112725,Drawing,2026-07-04 09:57:33,2026-07-04 10:00:58,YES,0,-
0000112725,Raw Material,2026-07-04 10:00:58,2026-07-04 11:26:16,YES,0,-
0000112725,Cutting,2026-07-04 11:26:16,2026-07-08 13:34:49,YES,4,-
0000112725,Rough Turning,2026-07-08 13:34:49,2026-07-20 10:38:56,YES,12,-
0000112725,Heat Treatment,2026-07-20 10:38:56,2026-07-29 15:49:49,YES,9,-
0000112725,Keyway,2026-07-29 15:49:49,2026-08-07 17:56:50,YES,9,-
0000112725,ID Grinding,2026-08-07 17:56:50,2026-08-07 17:56:53,YES,0,-
0000112725,OD Grinding,2026-08-07 17:56:53,2026-08-07 17:56:56,YES,0,-
0000112725,Quality Check,2026-08-07 17:56:56,2026-08-08 16:12:32,YES,1,-
0000112725,Assembly,2026-08-08 16:12:32,2026-08-08 16:42:09,YES,0,-
0000112725,Store,2026-08-08 16:42:09,2026-08-08 16:42:09,YES,0,-
0000112737,Drawing,2026-07-04 10:07:58,2026-07-04 11:31:14,YES,0,-
0000112737,Raw Material,2026-07-04 11:31:14,2026-07-04 11:31:21,YES,0,-
0000112737,Cutting,2026-07-04 11:31:21,2026-07-06 15:27:30,YES,2,-
0000112737,Rough Turning,2026-07-06 15:27:30,2026-07-10 13:39:35,YES,4,-
0000112737,Heat Treatment,2026-07-10 13:39:35,2026-07-15 09:15:07,YES,5,-
0000112737,CNC Machining 1st Side,2026-07-15 09:15:07,2026-07-25 16:26:57,YES,10,-
0000112737,CNC Machining 2nd Side,2026-07-25 16:26:57,2026-08-01 17:00:21,YES,7,-
0000112737,Slitting,2026-08-01 17:00:21,2026-08-03 08:34:22,YES,2,-
0000112737,Quality Check,2026-08-03 08:34:22,2026-08-08 16:13:06,YES,5,-
0000112737,Assembly,2026-08-08 16:13:06,2026-08-08 16:42:00,YES,0,-
0000112737,Store,2026-08-08 16:42:00,2026-08-08 16:42:00,YES,0,-
0000112738,Drawing,2026-07-04 10:07:58,2026-07-04 11:31:18,YES,0,-
0000112738,Raw Material,2026-07-04 11:31:18,2026-07-04 11:31:24,YES,0,-
0000112738,Cutting,2026-07-04 11:31:24,2026-07-06 15:27:44,YES,2,-
0000112738,Rough Turning,2026-07-06 15:27:44,2026-07-10 16:39:33,YES,4,-
0000112738,Heat Treatment,2026-07-10 16:39:33,2026-07-15 10:52:04,YES,5,-
0000112738,CNC Machining 1st Side,2026-07-15 10:52:04,2026-08-01 16:59:21,YES,17,-
0000112738,CNC Machining 2nd Side,2026-08-01 16:59:21,2026-08-01 16:59:26,YES,0,-
0000112738,Slitting,2026-08-01 16:59:26,2026-08-03 08:34:43,YES,2,-
0000112738,Quality Check,2026-08-03 08:34:43,2026-08-08 16:13:37,YES,5,-
0000112738,Assembly,2026-08-08 16:13:37,2026-08-08 16:41:50,YES,0,-
0000112738,Store,2026-08-08 16:41:50,2026-08-08 16:41:50,YES,0,-
0000112742,Drawing,2026-07-04 10:07:59,2026-07-04 11:32:53,YES,0,-
0000112742,Raw Material,2026-07-04 11:32:53,2026-07-04 11:32:59,YES,0,-
0000112742,Normalising,2026-07-13 16:44:51,2026-07-13 16:45:09,YES,0,-
0000112742,Cutting,2026-07-04 11:32:59,2026-07-09 09:14:23,YES,5,-
0000112742,Forging,2026-07-09 09:14:23,2026-07-13 16:44:50,YES,4,-
0000112742,Rough Turning,2026-07-13 16:45:09,2026-07-20 13:46:34,YES,7,-
0000112742,Heat Treatment,2026-07-20 13:46:34,2026-07-23 14:30:57,YES,3,-
0000112742,CNC Machining 1st Side,2026-07-23 14:30:57,2026-08-01 16:58:46,YES,9,-
0000112742,Slitting,2026-08-01 16:58:46,2026-08-03 08:34:59,YES,2,-
0000112742,Quality Check,2026-08-03 08:34:59,2026-08-08 16:14:05,YES,5,-
0000112742,Assembly,2026-08-08 16:14:05,2026-08-08 16:41:42,YES,0,-
0000112742,Store,2026-08-08 16:41:42,2026-08-08 16:41:42,YES,0,-
0000112743,Drawing,2026-07-04 10:48:10,2026-07-04 11:38:28,YES,0,-
0000112743,Raw Material,2026-07-04 11:38:28,2026-07-04 11:38:31,YES,0,-
0000112743,Cutting,2026-07-04 11:38:31,2026-07-11 09:02:28,YES,7,-
0000112743,Rough Turning,2026-07-11 09:02:28,2026-07-20 10:22:45,YES,9,-
0000112743,Heat Treatment,2026-07-20 10:22:45,2026-07-22 14:20:55,YES,2,-
0000112743,Keyway,2026-07-22 14:20:55,2026-08-07 17:56:25,YES,16,-
0000112743,ID Grinding,2026-08-07 17:56:25,2026-08-07 17:56:28,YES,0,-
0000112743,OD Grinding,2026-08-07 17:56:28,2026-08-07 17:56:32,YES,0,-
0000112743,Quality Check,2026-08-07 17:56:32,2026-08-08 16:14:55,YES,1,-
0000112743,Assembly,2026-08-08 16:14:55,2026-08-08 16:41:33,YES,0,-
0000112743,Store,2026-08-08 16:41:33,2026-08-08 16:41:33,YES,0,-
0000112759,Drawing,2026-07-04 10:38:41,2026-07-04 11:44:41,YES,0,-
0000112759,Raw Material,2026-07-04 11:44:41,2026-07-04 11:44:51,YES,0,-
0000112759,Cutting,2026-07-04 11:44:51,2026-07-09 09:11:36,YES,5,-
0000112759,Rough Turning,2026-07-09 09:11:36,2026-07-10 16:44:41,YES,1,-
0000112759,Heat Treatment,2026-07-10 16:44:41,2026-07-18 15:26:34,YES,8,-
0000112759,CNC Machining 1st Side,2026-07-18 15:26:34,2026-08-01 17:01:58,YES,14,-
0000112759,CNC Machining 2nd Side,2026-08-01 17:01:58,2026-08-01 17:02:01,YES,0,-
0000112759,Drilling & Tapping,2026-08-01 17:02:01,2026-08-08 11:49:49,YES,7,-
0000112759,Slitting,2026-08-08 11:49:49,2026-08-10 08:29:12,YES,2,-
0000112759,Quality Check,2026-08-10 08:29:12,2026-08-12 14:09:44,YES,2,-
0000112759,Store,2026-08-14 08:10:14,2026-08-14 08:10:14,YES,0,-
0000112760,Drawing,2026-07-04 10:38:41,2026-07-04 11:44:45,YES,0,-
0000112760,Raw Material,2026-07-04 11:44:45,2026-07-04 11:44:53,YES,0,-
0000112760,Cutting,2026-07-04 11:44:53,2026-07-09 09:11:46,YES,5,-
0000112760,Rough Turning,2026-07-09 09:11:46,2026-07-10 16:45:03,YES,1,-
0000112760,Heat Treatment,2026-07-10 16:45:03,2026-07-18 15:26:41,YES,8,-
0000112760,CNC Machining 1st Side,2026-07-18 15:26:41,2026-08-01 17:01:39,YES,14,-
0000112760,CNC Machining 2nd Side,2026-08-01 17:01:39,2026-08-01 17:01:43,YES,0,-
0000112760,Drilling & Tapping,2026-08-01 17:01:43,2026-08-08 11:49:20,YES,7,-
0000112760,Slitting,2026-08-08 11:49:20,2026-08-10 08:28:59,YES,2,-
0000112760,Quality Check,2026-08-10 08:28:59,2026-08-12 14:09:41,YES,2,-
0000112760,Store,2026-08-14 08:10:29,2026-08-14 08:10:29,YES,0,-
0000112813,Drawing,2026-07-04 12:37:56,2026-07-04 12:38:07,YES,0,-
0000112813,Raw Material,2026-07-04 12:38:07,2026-07-04 12:38:15,YES,0,-
0000112813,Cutting,2026-07-04 12:38:15,2026-07-04 12:38:18,YES,0,-
0000112813,Keyway,2026-07-04 12:38:18,2026-07-10 10:09:02,YES,6,-
0000112813,ID Grinding,2026-07-10 10:09:02,2026-08-10 09:44:55,YES,31,-
0000112813,OD Grinding,2026-08-10 09:44:55,2026-08-10 09:44:58,YES,0,-
0000112813,Quality Check,2026-08-10 09:44:58,2026-08-12 14:15:49,YES,2,-
0000112813,Store,2026-08-14 08:09:58,2026-08-14 08:09:58,YES,0,-
0000112829,Drawing,2026-07-04 00:00:00,2026-07-08 16:53:42,YES,4,-
0000112829,Raw Material,2026-07-08 16:53:42,2026-07-08 16:53:53,YES,0,-
0000112829,Cutting,2026-07-08 16:53:53,2026-07-13 09:50:17,YES,5,-
0000112829,Rough Turning,2026-07-13 09:50:17,2026-07-21 16:33:43,YES,8,-
0000112829,Drilling & Tapping,2026-07-21 16:33:43,2026-07-26 18:25:49,YES,5,-
0000112829,Quality Check,2026-07-26 18:25:49,2026-08-08 16:18:46,YES,13,-
0000112829,Assembly,2026-08-08 16:18:46,2026-08-08 16:22:33,YES,0,-
0000112829,Store,2026-08-08 16:22:33,2026-08-08 16:22:33,YES,0,-
0000112839,CNC Machining 1st Side,2026-07-08 17:09:18,2026-08-11 17:35:51,YES,34,-
0000112839,Quality Check,2026-08-11 17:35:51,2026-08-12 14:16:23,YES,1,-
0000112839,Store,2026-08-14 08:08:03,2026-08-14 08:08:03,YES,0,-
0000112840,CNC Machining 1st Side,2026-07-08 17:09:42,2026-08-11 17:35:30,YES,34,-
0000112840,Quality Check,2026-08-11 17:35:30,2026-08-12 14:16:18,YES,1,-
0000112840,Store,2026-08-14 08:08:18,2026-08-14 08:08:18,YES,0,-
0000112844,CNC Machining 1st Side,2026-07-08 17:10:33,2026-08-11 17:33:49,YES,34,-
0000112844,Quality Check,2026-08-11 17:33:49,2026-08-12 14:16:12,YES,1,-
0000112844,Store,2026-08-14 08:08:33,2026-08-14 08:08:33,YES,0,-
0000112845,CNC Machining 1st Side,2026-07-08 17:10:45,2026-08-11 17:33:35,YES,34,-
0000112845,Quality Check,2026-08-11 17:33:35,2026-08-12 14:07:27,YES,1,-
0000112845,Store,2026-08-14 08:09:07,2026-08-14 08:09:07,YES,0,-
0000112847,CNC Machining 1st Side,2026-07-08 17:11:18,2026-08-11 17:32:21,YES,34,-
0000112847,Quality Check,2026-08-11 17:32:21,2026-08-12 14:16:08,YES,1,-
0000112847,Store,2026-08-14 08:09:23,2026-08-14 08:09:23,YES,0,-
0000112848,CNC Machining 1st Side,2026-07-08 17:11:38,2026-08-11 17:32:02,YES,34,-
0000112848,Quality Check,2026-08-11 17:32:02,2026-08-12 14:16:00,YES,1,-
0000112848,Store,2026-08-14 08:09:41,2026-08-14 08:09:41,YES,0,-
0000112880,Drawing,2026-07-06 00:00:00,2026-07-08 17:20:10,YES,2,-
0000112880,Raw Material,2026-07-08 17:20:10,2026-07-10 10:28:50,YES,2,-
0000112880,Cutting,2026-07-10 10:28:50,2026-07-10 10:31:39,YES,0,-
0000112880,Rough Turning,2026-07-10 10:31:39,2026-07-20 10:38:23,YES,10,-
0000112880,Drilling & Tapping,2026-07-20 10:38:23,2026-07-26 18:24:31,YES,6,-
0000112880,Quality Check,2026-07-26 18:24:31,2026-08-08 16:22:04,YES,13,-
0000112880,Assembly,2026-08-08 16:22:04,2026-08-08 16:40:09,YES,0,-
0000112880,Store,2026-08-08 16:40:09,2026-08-08 16:40:09,YES,0,-
0000112921,Assembly,2026-07-08 17:21:56,2026-08-08 08:52:17,YES,31,-
0000112921,Store,2026-08-08 08:52:17,2026-08-08 08:52:17,YES,0,-
0000112927,Quality Check,2026-07-07 11:45:42,2026-07-07 11:47:50,YES,0,-
0000112927,Assembly,2026-07-07 11:47:50,2026-08-08 16:10:52,YES,32,-
0000112927,Store,2026-08-08 16:10:52,2026-08-08 16:10:52,YES,0,-
0000112931,Keyway,2026-07-07 10:21:38,2026-07-08 08:16:32,YES,1,-
0000112931,ID Grinding,2026-07-08 08:16:32,2026-07-08 14:01:33,YES,0,-
0000112931,OD Grinding,2026-07-08 14:01:33,2026-07-08 14:01:42,YES,0,-
0000112931,Quality Check,2026-07-08 14:01:42,2026-08-08 16:21:05,YES,31,-
0000112931,Assembly,2026-08-08 16:21:05,2026-08-08 16:21:29,YES,0,-
0000112931,Store,2026-08-08 16:21:29,2026-08-08 16:21:29,YES,0,-
0000112949,Drawing,2026-07-07 00:00:00,2026-07-10 10:50:25,YES,3,-
0000112949,Raw Material,2026-07-10 10:50:25,2026-07-10 11:00:58,YES,0,-
0000112949,Cutting,2026-07-10 11:00:58,2026-07-16 15:44:17,YES,6,-
0000112949,CNC Machining 1st Side,2026-07-16 15:44:17,2026-08-08 09:01:53,YES,23,-
0000112949,Slitting,2026-08-08 09:01:53,2026-08-08 17:23:02,YES,0,-
0000112949,Quality Check,2026-08-08 17:23:02,2026-08-08 18:00:19,YES,0,-
0000112949,Assembly,2026-08-08 18:00:19,2026-08-10 08:45:09,YES,2,-
0000112949,Store,2026-08-10 08:45:09,2026-08-10 08:45:09,YES,0,-
0000112963,Drawing,2026-07-08 00:00:00,2026-07-10 10:49:27,YES,2,-
0000112963,Raw Material,2026-07-10 10:49:27,2026-07-10 11:01:37,YES,0,-
0000112963,Cutting,2026-07-10 11:01:37,2026-07-18 12:26:21,YES,8,-
0000112963,CNC Machining 1st Side,2026-07-18 12:26:21,2026-08-07 15:57:38,YES,20,-
0000112963,Slitting,2026-08-07 15:57:38,2026-08-07 15:57:55,YES,0,-
0000112963,Quality Check,2026-08-07 15:57:55,2026-08-08 16:33:36,YES,1,-
0000112963,Assembly,2026-08-08 16:33:36,2026-08-08 16:33:41,YES,0,-
0000112963,Store,2026-08-08 16:33:41,2026-08-08 16:33:41,YES,0,-
0000112977,Drawing,2026-07-08 00:00:00,2026-07-10 10:40:48,YES,2,-
0000112977,Raw Material,2026-07-10 10:40:48,2026-07-10 11:02:03,YES,0,-
0000112977,Cutting,2026-07-10 11:02:03,2026-07-10 12:22:00,YES,0,-
0000112977,Forging,2026-07-10 12:22:00,2026-07-18 15:15:31,YES,8,-
0000112977,Normalising,2026-07-18 15:15:31,2026-07-18 15:15:35,YES,0,-
0000112977,Rough Turning,2026-07-18 15:15:35,2026-07-20 10:24:20,YES,2,-
0000112977,Heat Treatment,2026-07-20 10:24:20,2026-07-22 14:01:42,YES,2,-
0000112977,CNC Machining 1st Side,2026-07-22 14:01:42,2026-08-08 08:59:31,YES,17,-
0000112977,CNC Machining 2nd Side,2026-08-08 08:59:31,2026-08-08 08:59:34,YES,0,-
0000112977,Drilling & Tapping,2026-08-08 08:59:34,2026-08-12 15:18:27,YES,4,-
0000112977,Quality Check,2026-08-12 15:18:27,2026-08-14 08:25:08,YES,2,-
0000112977,Store,2026-08-14 08:25:08,2026-08-14 08:25:08,YES,0,-
0000112978,Drawing,2026-07-08 00:00:00,2026-07-10 10:40:52,YES,2,-
0000112978,Raw Material,2026-07-10 10:40:52,2026-07-10 11:02:05,YES,0,-
0000112978,Cutting,2026-07-10 11:02:05,2026-07-10 12:22:38,YES,0,-
0000112978,Forging,2026-07-10 12:22:38,2026-07-15 15:49:46,YES,5,-
0000112978,Normalising,2026-07-15 15:49:46,2026-07-15 15:49:54,YES,0,-
0000112978,Rough Turning,2026-07-15 15:49:54,2026-07-20 10:24:30,YES,5,-
0000112978,Heat Treatment,2026-07-20 10:24:30,2026-07-22 14:01:47,YES,2,-
0000112978,CNC Machining 1st Side,2026-07-22 14:01:47,2026-08-08 08:59:53,YES,17,-
0000112978,CNC Machining 2nd Side,2026-08-08 08:59:53,2026-08-08 08:59:56,YES,0,-
0000112978,Drilling & Tapping,2026-08-08 08:59:56,2026-08-12 15:18:41,YES,4,-
0000112978,Quality Check,2026-08-12 15:18:41,2026-08-14 08:25:24,YES,2,-
0000112978,Store,2026-08-14 08:25:24,2026-08-14 08:25:24,YES,0,-
0000112989,Keyway,2026-07-08 15:24:10,2026-07-09 08:52:01,YES,1,-
0000112989,ID Grinding,2026-07-09 08:52:01,2026-07-18 14:51:04,YES,9,-
0000112989,OD Grinding,2026-07-18 14:51:04,2026-07-18 14:53:15,YES,0,-
0000112989,Quality Check,2026-07-18 14:53:15,2026-08-08 16:24:40,YES,21,-
0000112989,Assembly,2026-08-08 16:24:40,2026-08-08 16:24:45,YES,0,-
0000112989,Store,2026-08-08 16:24:45,2026-08-08 16:24:45,YES,0,-
0000113022,Cutting,2026-07-11 09:26:16,2026-07-11 16:06:50,YES,0,-
0000113022,Forging,2026-07-11 16:06:50,2026-07-15 15:51:09,YES,4,-
0000113022,Rough Turning,2026-07-15 15:51:13,2026-07-20 10:12:49,YES,5,-
0000113022,Heat Treatment,2026-07-20 10:12:49,2026-07-23 14:19:52,YES,3,-
0000113022,CNC Machining 1st Side,2026-07-23 14:19:52,2026-07-26 18:20:39,YES,3,-
0000113022,Slitting,2026-07-26 18:20:39,2026-08-08 09:09:25,YES,13,-
0000113022,Quality Check,2026-08-08 09:09:25,2026-08-08 16:32:35,YES,0,-
0000113022,Assembly,2026-08-08 16:32:35,2026-08-08 16:32:38,YES,0,-
0000113022,Store,2026-08-08 16:32:38,2026-08-08 16:32:38,YES,0,-
0000113033,Assembly,2026-07-10 10:06:18,2026-08-08 08:52:00,YES,29,-
0000113033,Store,2026-08-08 08:52:00,2026-08-08 08:52:00,YES,0,-
0000113035,Keyway,2026-07-10 10:07:58,2026-08-07 17:54:49,YES,28,-
0000113035,ID Grinding,2026-08-07 17:54:49,2026-08-07 17:54:52,YES,0,-
0000113035,OD Grinding,2026-08-07 17:54:52,2026-08-07 17:54:55,YES,0,-
0000113035,Quality Check,2026-08-07 17:54:55,2026-08-08 16:32:52,YES,1,-
0000113035,Assembly,2026-08-08 16:32:52,2026-08-08 16:32:56,YES,0,-
0000113035,Store,2026-08-08 16:32:56,2026-08-08 16:32:56,YES,0,-
0000113094,Drawing,2026-07-10 00:00:00,2026-07-10 17:27:04,YES,0,-
0000113094,Raw Material,2026-07-10 17:27:04,2026-07-10 17:27:11,YES,0,-
0000113094,Cutting,2026-07-10 17:27:11,2026-07-17 14:02:18,YES,7,-
0000113094,CNC Machining,2026-07-17 14:02:18,2026-08-10 15:38:19,YES,24,-
0000113094,Quality Check,2026-08-10 15:38:19,2026-08-12 14:06:48,YES,2,-
0000113094,Store,2026-08-14 08:07:20,2026-08-14 08:07:20,YES,0,-
0000113097,Drawing,2026-07-10 00:00:00,2026-07-10 17:23:01,YES,0,-
0000113097,Raw Material,2026-07-10 17:23:01,2026-07-31 08:40:40,YES,21,-
0000113097,Cutting,2026-07-31 08:40:40,2026-07-31 08:40:48,YES,0,-
0000113097,CNC Machining 1st Side,2026-07-31 08:40:48,2026-08-10 15:48:42,YES,10,-
0000113097,Quality Check,2026-08-10 15:48:42,2026-08-12 14:06:44,YES,2,-
0000113097,Store,2026-08-14 08:07:01,2026-08-14 08:07:01,YES,0,-
0000113135,Drawing,2026-07-13 10:49:13,2026-07-13 10:49:57,YES,0,-
0000113135,Raw Material,2026-07-13 10:49:57,2026-07-14 13:41:26,YES,1,-
0000113135,Cutting,2026-07-14 13:41:26,2026-07-18 17:08:58,YES,4,-
0000113135,Rough Turning,2026-07-18 17:08:58,2026-07-29 15:41:11,YES,11,-
0000113135,Drilling & Tapping,2026-07-29 15:41:11,2026-08-08 11:52:51,YES,10,-
0000113135,Quality Check,2026-08-08 11:52:51,2026-08-08 16:32:20,YES,0,-
0000113135,Assembly,2026-08-08 16:32:20,2026-08-08 16:32:24,YES,0,-
0000113135,Store,2026-08-08 16:32:24,2026-08-08 16:32:24,YES,0,-
0000113136,Drawing,2026-07-13 10:49:13,2026-07-13 10:50:01,YES,0,-
0000113136,Raw Material,2026-07-13 10:50:01,2026-07-14 13:41:29,YES,1,-
0000113136,Cutting,2026-07-14 13:41:29,2026-07-15 12:03:45,YES,1,-
0000113136,Rough Turning,2026-07-15 12:03:45,2026-07-22 10:34:43,YES,7,-
0000113136,Drilling & Tapping,2026-07-22 10:34:43,2026-08-08 11:52:20,YES,17,-
0000113136,Quality Check,2026-08-08 11:52:20,2026-08-08 16:29:28,YES,0,-
0000113136,Assembly,2026-08-08 16:29:28,2026-08-08 16:29:32,YES,0,-
0000113136,Store,2026-08-08 16:29:32,2026-08-08 16:29:32,YES,0,-
0000113139,Drawing,2026-07-13 10:57:12,2026-07-13 10:57:33,YES,0,-
0000113139,Raw Material,2026-07-13 10:57:33,2026-07-14 13:41:58,YES,1,-
0000113139,Cutting,2026-07-14 13:41:58,2026-07-20 10:25:58,YES,6,-
0000113139,Rough Turning,2026-07-20 10:25:58,2026-07-20 10:26:02,YES,0,-
0000113139,Heat Treatment,2026-07-20 10:26:02,2026-07-29 15:54:22,YES,9,-
0000113139,Keyway,2026-07-29 15:54:22,2026-08-07 17:54:04,YES,9,-
0000113139,ID Grinding,2026-08-07 17:54:04,2026-08-07 17:54:09,YES,0,-
0000113139,OD Grinding,2026-08-07 17:54:09,2026-08-07 17:54:13,YES,0,-
0000113139,Quality Check,2026-08-07 17:54:13,2026-08-08 16:29:09,YES,1,-
0000113139,Assembly,2026-08-08 16:29:09,2026-08-08 16:29:13,YES,0,-
0000113139,Store,2026-08-08 16:29:13,2026-08-08 16:29:13,YES,0,-
0000113140,Cutting,2026-07-14 13:41:49,2026-07-15 12:07:17,YES,1,-
0000113140,Rough Turning,2026-07-15 12:07:17,2026-07-23 15:52:46,YES,8,-
0000113140,Drilling & Tapping,2026-07-23 15:52:46,2026-07-23 15:53:15,YES,0,-
0000113140,Heat Treatment,2026-07-23 15:53:15,2026-08-06 15:52:29,YES,14,-
0000113140,ID Grinding,2026-08-06 15:52:30,2026-08-10 09:44:42,YES,4,-
0000113140,OD Grinding,2026-08-10 09:44:42,2026-08-10 09:44:45,YES,0,-
0000113140,Quality Check,2026-08-10 09:44:45,2026-08-14 08:21:40,YES,4,-
0000113140,Store,2026-08-14 08:21:40,2026-08-14 08:21:40,YES,0,-
0000113141,Drawing,2026-07-13 10:57:12,2026-07-13 10:57:40,YES,0,-
0000113141,Raw Material,2026-07-13 10:57:40,2026-07-14 13:41:55,YES,1,-
0000113141,Cutting,2026-07-14 13:41:55,2026-07-21 10:40:41,YES,7,-
0000113141,Rough Turning,2026-07-21 10:40:41,2026-07-31 08:46:06,YES,10,-
0000113141,Drilling & Tapping,2026-07-31 08:46:06,2026-08-12 15:19:31,YES,12,-
0000113141,Quality Check,2026-08-12 15:19:31,2026-08-14 08:23:42,YES,2,-
0000113141,Store,2026-08-14 08:23:42,2026-08-14 08:23:42,YES,0,-
0000113142,Drawing,2026-07-13 10:57:12,2026-07-13 10:57:43,YES,0,-
0000113142,Raw Material,2026-07-13 10:57:43,2026-07-14 13:41:52,YES,1,-
0000113142,Cutting,2026-07-14 13:41:52,2026-07-31 13:46:58,YES,17,-
0000113142,Rough Turning,2026-07-31 13:46:58,2026-08-10 17:07:53,YES,10,-
0000113142,Quality Check,2026-08-10 17:07:53,2026-08-14 08:21:54,YES,4,-
0000113142,Store,2026-08-14 08:21:54,2026-08-14 08:21:54,YES,0,-
0000113152,Drawing,2026-07-13 11:02:12,2026-07-13 11:02:35,YES,0,-
0000113152,Raw Material,2026-07-13 11:02:35,2026-07-13 16:54:40,YES,0,-
0000113152,Cutting,2026-07-13 16:54:40,2026-07-13 16:54:47,YES,0,-
0000113152,Rough Turning,2026-07-13 16:54:47,2026-07-20 10:07:40,YES,7,-
0000113152,Heat Treatment,2026-07-20 10:07:40,2026-07-20 16:19:50,YES,0,-
0000113152,CNC Machining 1st Side,2026-07-20 16:19:50,2026-08-08 08:57:00,YES,19,-
0000113152,CNC Machining 2nd Side,2026-08-08 08:57:00,2026-08-08 08:57:03,YES,0,-
0000113152,Drilling & Tapping,2026-08-08 08:57:03,2026-08-10 11:42:42,YES,2,-
0000113152,Slitting,2026-08-10 11:42:42,2026-08-10 17:00:33,YES,0,-
0000113152,Quality Check,2026-08-10 17:00:33,2026-08-14 08:21:13,YES,4,-
0000113152,Store,2026-08-14 08:21:13,2026-08-14 08:21:13,YES,0,-
0000113153,Drawing,2026-07-13 11:02:13,2026-07-13 11:02:39,YES,0,-
0000113153,Raw Material,2026-07-13 11:02:39,2026-07-14 13:42:55,YES,1,-
0000113153,Cutting,2026-07-14 13:42:55,2026-07-20 10:08:16,YES,6,-
0000113153,Rough Turning,2026-07-20 10:08:16,2026-07-20 10:08:21,YES,0,-
0000113153,Heat Treatment,2026-07-20 10:08:21,2026-07-20 16:20:04,YES,0,-
0000113153,CNC Machining 1st Side,2026-07-20 16:20:04,2026-08-08 08:57:28,YES,19,-
0000113153,CNC Machining 2nd Side,2026-08-08 08:57:28,2026-08-08 08:57:31,YES,0,-
0000113153,Drilling & Tapping,2026-08-08 08:57:31,2026-08-10 11:42:28,YES,2,-
0000113153,Slitting,2026-08-10 11:42:28,2026-08-10 17:00:39,YES,0,-
0000113153,Quality Check,2026-08-10 17:00:39,2026-08-14 08:21:27,YES,4,-
0000113153,Store,2026-08-14 08:21:27,2026-08-14 08:21:27,YES,0,-
0000113229,CNC Machining 1st Side,2026-07-13 16:30:59,2026-08-12 14:35:20,YES,30,-
0000113229,CNC Machining 2nd Side,2026-08-12 14:35:20,2026-08-12 14:35:24,YES,0,-
0000113229,Slitting,2026-08-12 14:35:24,2026-08-12 14:35:27,YES,0,-
0000113229,Quality Check,2026-08-12 14:35:27,2026-08-12 14:35:29,YES,0,-
0000113229,Assembly,2026-08-12 14:35:29,2026-08-12 14:35:32,YES,0,-
0000113229,Store,2026-08-12 14:35:32,2026-08-12 14:35:32,YES,0,-
0000113231,CNC Machining 1st Side,2026-07-13 16:32:23,2026-08-12 14:35:47,YES,30,Operator
0000113231,CNC Machining 2nd Side,2026-08-12 14:35:47,2026-08-12 14:35:50,YES,0,-
0000113231,Slitting,2026-08-12 14:35:50,2026-08-12 14:35:53,YES,0,-
0000113231,Quality Check,2026-08-12 14:35:53,2026-08-12 14:35:56,YES,0,-
0000113231,Assembly,2026-08-12 14:35:56,2026-08-12 14:35:59,YES,0,-
0000113231,Store,2026-08-12 14:35:59,2026-08-12 14:35:59,YES,0,-
0000113233,CNC Machining,2026-08-12 14:36:15,2026-08-12 14:36:18,YES,0,-
0000113233,Quality Check,2026-08-12 14:36:18,2026-08-12 14:36:21,YES,0,-
0000113233,Assembly,2026-08-12 14:36:21,2026-08-12 14:36:24,YES,0,-
0000113233,Store,2026-08-12 14:36:24,2026-08-12 14:36:24,YES,0,-
0000113252,CNC Machining,-,-,NO,-,-
0000113252,Drilling & Tapping,2026-07-13 18:19:05,2026-07-25 16:10:20,YES,12,-
0000113252,Quality Check,2026-07-25 16:10:20,2026-08-08 16:26:42,YES,14,-
0000113252,Assembly,2026-08-08 16:26:42,2026-08-08 16:26:49,YES,0,-
0000113252,Store,2026-08-08 16:26:49,2026-08-08 16:26:49,YES,0,-
0000113253,CNC Machining,-,-,NO,-,-
0000113253,Drilling & Tapping,2026-07-13 18:18:33,2026-07-25 16:09:57,YES,12,-
0000113253,Quality Check,2026-07-25 16:09:57,2026-08-08 16:26:26,YES,14,-
0000113253,Assembly,2026-08-08 16:26:26,2026-08-08 16:26:31,YES,0,-
0000113253,Store,2026-08-08 16:26:31,2026-08-08 16:26:31,YES,0,-
0000113254,CNC Machining,-,-,NO,-,-
0000113254,Drilling & Tapping,2026-07-13 18:18:44,2026-07-25 16:11:03,YES,12,-
0000113254,Quality Check,2026-07-25 16:11:03,2026-08-08 16:26:07,YES,14,-
0000113254,Assembly,2026-08-08 16:26:07,2026-08-08 16:26:11,YES,0,-
0000113254,Store,2026-08-08 16:26:11,2026-08-08 16:26:11,YES,0,-
0000113255,CNC Machining,-,-,NO,-,-
0000113255,Drilling & Tapping,2026-07-13 18:18:54,2026-07-25 16:11:16,YES,12,-
0000113255,Quality Check,2026-07-25 16:11:16,2026-08-08 16:25:51,YES,14,-
0000113255,Assembly,2026-08-08 16:25:51,2026-08-08 16:25:57,YES,0,-
0000113255,Store,2026-08-08 16:25:57,2026-08-08 16:25:57,YES,0,-
0000113262,Drawing,2026-07-13 19:56:15,2026-07-13 19:56:50,YES,0,-
0000113262,Raw Material,2026-07-13 19:56:50,2026-07-14 14:00:28,YES,1,-
0000113262,Cutting,2026-07-14 14:00:28,2026-07-15 12:04:26,YES,1,-
0000113262,Rough Turning,2026-07-15 12:04:26,2026-07-26 16:13:25,YES,11,-
0000113262,Drilling & Tapping,2026-07-26 16:13:25,2026-08-10 11:44:01,YES,15,-
0000113262,Quality Check,2026-08-10 11:44:01,2026-08-14 08:20:32,YES,4,-
0000113262,Store,2026-08-14 08:20:32,2026-08-14 08:20:32,YES,0,-
0000113265,Cutting,2026-07-13 00:00:00,2026-07-27 10:35:28,YES,14,-
0000113265,Forging,2026-07-27 10:35:28,2026-08-03 08:43:29,YES,7,-
0000113265,Rough Turning,2026-08-03 08:43:29,2026-08-04 13:46:51,YES,1,-
0000113265,Heat Treatment,2026-08-04 13:46:51,2026-08-10 15:47:13,YES,6,-
0000113265,CNC Machining 1st Side,2026-08-10 15:47:13,2026-08-12 15:02:31,YES,2,-
0000113265,CNC Machining 2nd Side,2026-08-12 15:02:31,2026-08-13 15:31:38,YES,1,-
0000113265,Drilling & Tapping,2026-08-13 15:31:38,2026-08-13 15:31:43,YES,0,-
0000113265,Quality Check,2026-08-13 15:31:43,2026-08-19 18:29:05,YES,6,-
0000113265,Store,2026-08-19 18:29:05,2026-08-19 18:29:05,YES,0,-
0000113266,Drawing,2026-07-13 20:00:01,2026-07-13 20:00:36,YES,0,-
0000113266,Raw Material,2026-07-13 20:00:36,2026-07-27 10:49:21,YES,14,-
0000113266,Cutting,2026-07-27 10:49:21,2026-07-27 14:35:50,YES,0,-
0000113266,Forging,2026-07-27 14:35:50,2026-07-30 12:03:34,YES,3,-
0000113266,Normalising,2026-07-30 12:03:34,2026-08-03 08:45:34,YES,4,-
0000113266,Rough Turning,2026-08-03 08:45:34,2026-08-04 13:46:40,YES,1,-
0000113266,Heat Treatment,2026-08-04 13:46:40,2026-08-10 15:47:08,YES,6,-
0000113266,CNC Machining 1st Side,2026-08-10 15:47:08,2026-08-12 15:02:42,YES,2,-
0000113266,CNC Machining 2nd Side,2026-08-12 15:02:42,2026-08-13 15:30:24,YES,1,-
0000113266,Drilling & Tapping,2026-08-13 15:30:24,2026-08-13 15:30:29,YES,0,-
0000113266,Quality Check,2026-08-13 15:30:29,2026-08-19 18:29:29,YES,6,-
0000113266,Store,2026-08-19 18:29:29,2026-08-19 18:29:29,YES,0,-
0000113267,Drawing,2026-07-13 20:00:01,2026-07-13 20:00:40,YES,0,-
0000113267,Raw Material,2026-07-13 20:00:40,2026-07-14 14:00:59,YES,1,-
0000113267,Cutting,2026-07-14 14:00:59,2026-07-15 17:29:25,YES,1,-
0000113267,Forging,2026-07-15 17:29:25,2026-07-25 14:04:08,YES,10,-
0000113267,Rough Turning,2026-07-25 14:04:08,2026-07-25 14:04:11,YES,0,-
0000113267,Heat Treatment,2026-07-25 14:04:11,2026-08-10 12:38:12,YES,16,-
0000113267,CNC Machining 1st Side,2026-08-10 12:38:12,2026-08-12 15:02:55,YES,2,-
0000113267,Slitting,2026-08-12 15:02:55,2026-08-17 11:10:39,YES,5,-
0000113267,Quality Check,2026-08-17 11:10:39,2026-08-19 18:29:57,YES,2,-
0000113267,Store,2026-08-19 18:29:57,2026-08-19 18:29:57,YES,0,-
0000113268,Cutting,2026-07-14 14:00:54,2026-07-29 17:55:20,YES,15,-
0000113268,Forging,2026-07-29 17:55:20,2026-08-03 09:00:28,YES,5,-
0000113268,Rough Turning,2026-08-03 09:00:28,2026-08-03 11:06:19,YES,0,-
0000113268,Heat Treatment,2026-08-03 11:06:19,2026-08-10 15:42:29,YES,7,-
0000113268,CNC Machining 1st Side,2026-08-10 15:42:29,2026-08-12 15:03:08,YES,2,-
0000113268,Slitting,2026-08-12 15:03:08,2026-08-17 11:10:31,YES,5,-
0000113268,Quality Check,2026-08-17 11:10:31,2026-08-19 18:30:18,YES,2,-
0000113268,Store,2026-08-19 18:30:18,2026-08-19 18:30:18,YES,0,-
0000113296,Drawing,2026-07-14 17:58:34,2026-07-14 17:59:27,YES,0,-
0000113296,Raw Material,2026-07-14 17:59:27,2026-07-29 18:06:30,YES,15,-
0000113296,Cutting,2026-07-29 18:06:30,2026-07-29 18:08:25,YES,0,-
0000113296,Forging,2026-07-29 18:08:25,2026-08-07 15:03:13,YES,9,-
0000113296,Normalising,2026-08-07 15:03:13,2026-08-07 15:03:18,YES,0,-
0000113296,Rough Turning,2026-08-07 15:03:18,2026-08-07 15:03:22,YES,0,-
0000113296,Heat Treatment,2026-08-07 15:03:22,2026-08-10 16:04:18,YES,3,-
0000113296,CNC Machining 1st Side,2026-08-10 16:04:18,2026-08-17 10:41:19,YES,7,-
0000113296,CNC Machining 2nd Side,2026-08-17 10:41:19,2026-08-17 10:41:24,YES,0,-
0000113296,Drilling & Tapping,2026-08-17 10:41:24,2026-08-19 16:11:25,YES,2,-
0000113296,Quality Check,2026-08-19 16:11:25,2026-08-19 18:27:08,YES,0,-
0000113296,Store,2026-08-19 18:27:08,2026-08-19 18:27:08,YES,0,-
0000113297,Drawing,2026-07-14 17:58:34,2026-07-14 17:59:32,YES,0,-
0000113297,Raw Material,2026-07-14 17:59:32,2026-07-29 18:06:42,YES,15,-
0000113297,Cutting,2026-07-29 18:06:42,2026-07-29 18:08:01,YES,0,-
0000113297,Forging,2026-07-29 18:08:01,2026-08-07 15:03:35,YES,9,-
0000113297,Normalising,2026-08-07 15:03:35,2026-08-07 15:03:42,YES,0,-
0000113297,Rough Turning,2026-08-07 15:03:42,2026-08-07 15:03:45,YES,0,-
0000113297,Heat Treatment,2026-08-07 15:03:45,2026-08-10 16:04:22,YES,3,-
0000113297,CNC Machining 1st Side,2026-08-10 16:04:22,2026-08-17 10:41:35,YES,7,-
0000113297,CNC Machining 2nd Side,2026-08-17 10:41:35,2026-08-17 10:41:39,YES,0,-
0000113297,Drilling & Tapping,2026-08-17 10:41:39,2026-08-19 16:11:37,YES,2,-
0000113297,Quality Check,2026-08-19 16:11:37,2026-08-19 18:27:33,YES,0,-
0000113297,Store,2026-08-19 18:27:33,2026-08-19 18:27:33,YES,0,-
0000113298,Drawing,2026-07-14 17:58:34,2026-07-14 17:59:18,YES,0,-
0000113298,Raw Material,2026-07-14 17:59:18,2026-07-29 18:04:43,YES,15,-
0000113298,Cutting,2026-07-29 18:04:43,2026-07-29 18:09:20,YES,0,-
0000113298,Forging,2026-07-29 18:09:20,2026-08-03 09:00:11,YES,5,-
0000113298,Normalising,2026-08-03 09:00:11,2026-08-03 09:00:16,YES,0,-
0000113298,Rough Turning,2026-08-03 09:00:16,2026-08-07 14:03:07,YES,4,-
0000113298,Heat Treatment,2026-08-07 14:03:07,2026-08-10 16:01:56,YES,3,-
0000113298,CNC Machining 1st Side,2026-08-10 16:01:56,2026-08-12 15:07:12,YES,2,-
0000113298,Slitting,2026-08-12 15:07:12,2026-08-17 11:10:24,YES,5,-
0000113298,Quality Check,2026-08-17 11:10:24,2026-08-19 18:28:23,YES,2,-
0000113298,Store,2026-08-19 18:28:23,2026-08-19 18:28:23,YES,0,-
0000113304,Cutting,2026-07-15 18:13:04,2026-07-18 14:25:50,YES,3,-
0000113304,Forging,2026-07-18 14:25:50,2026-07-25 10:05:24,YES,7,-
0000113304,Rough Turning,2026-07-25 10:05:24,2026-08-04 12:04:16,YES,10,-
0000113304,Heat Treatment,2026-08-04 12:04:16,2026-08-10 15:38:36,YES,6,-
0000113304,CNC Machining 1st Side,2026-08-10 15:38:36,2026-08-12 15:07:00,YES,2,-
0000113304,Slitting,2026-08-12 15:07:00,2026-08-17 11:10:16,YES,5,-
0000113304,Quality Check,2026-08-17 11:10:16,2026-08-19 18:26:45,YES,2,-
0000113304,Store,2026-08-19 18:26:45,2026-08-19 18:26:45,YES,0,-
0000113319,Drawing,2026-07-14 19:28:39,2026-07-14 19:30:39,YES,0,-
0000113319,Raw Material,2026-07-14 19:30:39,2026-07-21 15:44:40,YES,7,-
0000113319,Cutting,2026-07-21 15:44:40,2026-07-22 11:50:07,YES,1,-
0000113319,Rough Turning,2026-07-22 11:50:07,2026-07-28 09:40:08,YES,6,-
0000113319,Heat Treatment,2026-07-28 09:40:08,2026-08-10 12:42:08,YES,13,-
0000113319,CNC Machining 1st Side,2026-08-10 12:42:08,2026-08-17 10:43:06,YES,7,-
0000113319,CNC Machining 2nd Side,2026-08-17 10:43:06,2026-08-17 10:43:10,YES,0,-
0000113319,Slitting,2026-08-17 10:43:10,2026-08-19 15:40:31,YES,2,-
0000113319,Quality Check,2026-08-19 15:40:31,2026-08-19 18:25:57,YES,0,-
0000113319,Store,2026-08-19 18:25:57,2026-08-19 18:25:57,YES,0,-
0000113320,Drawing,2026-07-14 19:28:39,2026-07-14 19:30:44,YES,0,-
0000113320,Raw Material,2026-07-14 19:30:44,2026-07-21 15:45:27,YES,7,-
0000113320,Cutting,2026-07-21 15:45:27,2026-07-22 11:50:44,YES,1,-
0000113320,Rough Turning,2026-07-22 11:50:44,2026-07-26 13:33:58,YES,4,-
0000113320,Heat Treatment,2026-07-26 13:33:58,2026-08-05 09:27:38,YES,10,-
0000113320,CNC Machining 1st Side,2026-08-05 09:27:38,2026-08-17 10:42:41,YES,12,-
0000113320,CNC Machining 2nd Side,2026-08-17 10:42:41,2026-08-17 10:42:44,YES,0,-
0000113320,Slitting,2026-08-17 10:42:44,2026-08-19 15:40:24,YES,2,-
0000113320,Quality Check,2026-08-19 15:40:24,2026-08-19 18:26:22,YES,0,-
0000113320,Store,2026-08-19 18:26:22,2026-08-19 18:26:22,YES,0,-
0000113325,Cutting,2026-07-23 12:36:05,2026-07-23 12:43:11,YES,0,-
0000113325,Rough Turning,2026-07-23 12:43:11,2026-08-03 10:13:43,YES,11,-
0000113325,Drilling & Tapping,2026-08-03 10:13:43,2026-08-17 14:01:55,YES,14,-
0000113325,Quality Check,2026-08-17 14:01:55,2026-08-19 18:25:24,YES,2,-
0000113325,Store,2026-08-19 18:25:24,2026-08-19 18:25:24,YES,0,-
0000113326,Cutting,2026-07-15 18:10:23,2026-07-23 11:43:52,YES,8,-
0000113326,Rough Turning,2026-07-23 11:43:52,2026-07-31 08:45:40,YES,8,-
0000113326,Drilling & Tapping,2026-07-31 08:45:40,2026-08-12 15:19:40,YES,12,-
0000113326,Quality Check,2026-08-12 15:19:40,2026-08-14 08:23:20,YES,2,-
0000113326,Store,2026-08-14 08:23:20,2026-08-14 08:23:20,YES,0,-
0000113348,Cutting,2026-07-18 09:12:16,2026-07-25 10:09:32,YES,7,-
0000113348,Rough Turning,2026-07-25 10:09:32,2026-07-31 08:45:34,YES,6,-
0000113348,Drilling & Tapping,2026-07-31 08:45:34,2026-08-10 11:45:06,YES,10,-
0000113348,Quality Check,2026-08-10 11:45:06,2026-08-14 08:19:47,YES,4,-
0000113348,Store,2026-08-14 08:19:47,2026-08-14 08:19:47,YES,0,-
0000113355,Cutting,2026-07-18 09:11:49,2026-07-23 11:44:14,YES,5,-
0000113355,Rough Turning,2026-07-23 11:44:14,2026-08-03 10:13:36,YES,11,-
0000113355,Drilling & Tapping,2026-08-03 10:13:36,2026-08-17 14:00:53,YES,14,-
0000113355,Quality Check,2026-08-17 14:00:53,2026-08-19 18:24:36,YES,2,-
0000113355,Store,2026-08-19 18:24:36,2026-08-19 18:24:36,YES,0,-
0000113373,Drawing,2026-07-16 17:39:23,2026-07-16 18:06:51,YES,0,-
0000113373,Raw Material,2026-07-16 18:06:51,2026-07-18 09:22:35,YES,2,-
0000113373,Cutting,2026-07-18 09:22:35,2026-07-22 11:47:04,YES,4,-
0000113373,Rough Turning,2026-07-22 11:47:04,2026-07-31 08:43:57,YES,9,-
0000113373,Heat Treatment,2026-07-31 08:43:57,2026-08-10 14:19:23,YES,10,-
0000113373,CNC Machining 1st Side,2026-08-10 14:19:23,2026-08-17 10:43:59,YES,7,-
0000113373,CNC Machining 2nd Side,2026-08-17 10:43:59,2026-08-17 10:44:08,YES,0,-
0000113373,Drilling & Tapping,2026-08-17 10:44:08,2026-08-18 16:45:10,YES,1,-
0000113373,Slitting,2026-08-18 16:45:10,2026-08-19 15:40:10,YES,1,-
0000113373,Quality Check,2026-08-19 15:40:10,2026-08-19 18:22:43,YES,0,-
0000113373,Store,2026-08-19 18:22:43,2026-08-19 18:22:43,YES,0,-
0000113374,Drawing,2026-07-16 17:39:23,2026-07-16 18:06:55,YES,0,-
0000113374,Raw Material,2026-07-16 18:06:55,2026-07-18 09:22:38,YES,2,-
0000113374,Cutting,2026-07-18 09:22:38,2026-07-31 13:51:04,YES,13,-
0000113374,Rough Turning,2026-07-31 13:51:04,2026-08-05 15:11:49,YES,5,-
0000113374,Heat Treatment,2026-08-05 15:11:49,2026-08-10 15:59:14,YES,5,-
0000113374,CNC Machining 1st Side,2026-08-10 15:59:14,2026-08-17 10:43:40,YES,7,-
0000113374,CNC Machining 2nd Side,2026-08-17 10:43:40,2026-08-17 10:43:44,YES,0,-
0000113374,Drilling & Tapping,2026-08-17 10:43:44,2026-08-18 16:44:56,YES,1,-
0000113374,Slitting,2026-08-18 16:44:56,2026-08-19 15:40:02,YES,1,-
0000113374,Quality Check,2026-08-19 15:40:02,2026-08-19 18:23:00,YES,0,-
0000113374,Store,2026-08-19 18:23:00,2026-08-19 18:23:00,YES,0,-
0000113397,Drawing,2026-07-16 15:44:32,2026-07-16 15:44:53,YES,0,-
0000113397,Raw Material,2026-07-16 15:44:53,2026-08-03 17:19:07,YES,18,-
0000113397,Cutting,2026-08-03 17:19:07,2026-08-07 15:05:10,YES,4,-
0000113397,Rough Turning,2026-08-07 15:05:10,2026-08-07 15:05:14,YES,0,-
0000113397,Heat Treatment,2026-08-07 15:05:14,2026-08-10 16:05:06,YES,3,-
0000113397,CNC Machining 1st Side,2026-08-10 16:05:06,2026-08-17 10:07:07,YES,7,-
0000113397,CNC Machining 2nd Side,2026-08-17 10:07:07,2026-08-17 10:07:11,YES,0,-
0000113397,Drilling & Tapping,2026-08-17 10:07:11,2026-08-17 10:07:16,YES,0,-
0000113397,Quality Check,2026-08-17 10:07:16,2026-08-19 18:23:28,YES,2,-
0000113397,Store,2026-08-19 18:23:28,2026-08-19 18:23:28,YES,0,-
0000113398,Drawing,2026-07-16 15:44:32,2026-07-16 15:44:50,YES,0,-
0000113398,Raw Material,2026-07-16 15:44:50,2026-08-03 17:18:58,YES,18,-
0000113398,Cutting,2026-08-03 17:18:58,2026-08-07 15:05:22,YES,4,-
0000113398,Rough Turning,2026-08-07 15:05:22,2026-08-07 15:05:26,YES,0,-
0000113398,Heat Treatment,2026-08-07 15:05:26,2026-08-10 16:05:10,YES,3,-
0000113398,CNC Machining 1st Side,2026-08-10 16:05:10,2026-08-17 10:07:29,YES,7,-
0000113398,CNC Machining 2nd Side,2026-08-17 10:07:29,2026-08-17 10:07:34,YES,0,-
0000113398,Drilling & Tapping,2026-08-17 10:07:34,2026-08-17 10:07:38,YES,0,-
0000113398,Quality Check,2026-08-17 10:07:38,2026-08-19 18:23:52,YES,2,-
0000113398,Store,2026-08-19 18:23:52,2026-08-19 18:23:52,YES,0,-
0000113399,Drawing,2026-07-16 15:44:32,2026-07-16 15:44:58,YES,0,-
0000113399,Raw Material,2026-07-16 15:44:58,2026-07-18 09:18:08,YES,2,-
0000113399,Cutting,2026-07-18 09:18:08,2026-07-18 12:38:55,YES,0,-
0000113399,Rough Turning,2026-07-18 12:38:55,2026-07-21 16:23:10,YES,3,-
0000113399,Heat Treatment,2026-07-21 16:23:10,2026-07-29 17:13:59,YES,8,-
0000113399,CNC Machining 1st Side,2026-07-29 17:13:59,2026-08-17 10:07:46,YES,19,-
0000113399,Slitting,2026-08-17 10:07:46,2026-08-19 15:40:16,YES,2,-
0000113399,Quality Check,2026-08-19 15:40:16,2026-08-19 18:24:17,YES,0,-
0000113399,Store,2026-08-19 18:24:17,2026-08-19 18:24:17,YES,0,-
0000113417,CNC Machining 1st Side,2026-08-17 10:45:46,2026-08-17 10:45:50,YES,0,-
0000113417,CNC Machining 2nd Side,2026-08-17 10:45:50,2026-08-17 10:46:09,YES,0,-
0000113417,Drilling & Tapping,2026-08-17 10:46:09,2026-08-18 16:45:46,YES,1,-
0000113417,Quality Check,2026-08-18 16:45:46,2026-08-19 18:20:36,YES,1,-
0000113417,Store,2026-08-19 18:20:36,2026-08-19 18:20:36,YES,0,-
0000113418,CNC Machining 1st Side,2026-08-17 10:45:29,2026-08-17 10:45:32,YES,0,-
0000113418,CNC Machining 2nd Side,2026-08-17 10:45:32,2026-08-17 10:45:36,YES,0,-
0000113418,Drilling & Tapping,2026-08-17 10:45:36,2026-08-18 16:45:31,YES,1,-
0000113418,Quality Check,2026-08-18 16:45:31,2026-08-19 18:21:37,YES,1,-
0000113418,Store,2026-08-19 18:21:37,2026-08-19 18:21:37,YES,0,-
0000113420,CNC Machining 1st Side,2026-08-17 10:45:07,2026-08-17 10:45:10,YES,0,-
0000113420,Slitting,2026-08-17 10:45:10,2026-08-19 15:39:54,YES,2,-
0000113420,Quality Check,2026-08-19 15:39:54,2026-08-19 18:21:58,YES,0,-
0000113420,Store,2026-08-19 18:21:58,2026-08-19 18:21:58,YES,0,-
0000113426,Drawing,2026-07-16 18:45:29,2026-07-16 18:46:37,YES,0,-
0000113426,Raw Material,2026-07-16 18:46:37,2026-07-22 12:01:32,YES,6,-
0000113426,Cutting,2026-07-22 12:01:32,2026-07-22 12:06:40,YES,0,-
0000113426,Rough Turning,2026-07-22 12:06:40,2026-07-28 12:25:59,YES,6,-
0000113426,Drilling & Tapping,2026-07-28 12:25:59,2026-08-12 15:20:11,YES,15,-
0000113426,Quality Check,2026-08-12 15:20:11,2026-08-19 18:20:07,YES,7,-
0000113426,Store,2026-08-19 18:20:07,2026-08-19 18:20:07,YES,0,-
0000113429,Drawing,2026-07-16 19:02:27,2026-07-16 19:03:37,YES,0,-
0000113429,Raw Material,2026-07-16 19:03:37,2026-07-20 12:04:35,YES,4,-
0000113429,Cutting,2026-07-20 12:04:35,2026-07-20 12:04:39,YES,0,-
0000113429,Rough Turning,2026-07-20 12:04:39,2026-07-26 13:35:16,YES,6,-
0000113429,Drilling & Tapping,2026-07-26 13:35:16,2026-08-10 11:52:30,YES,15,-
0000113429,Quality Check,2026-08-10 11:52:30,2026-08-14 08:18:34,YES,4,-
0000113429,Store,2026-08-14 08:18:34,2026-08-14 08:18:34,YES,0,-
0000113450,Cutting,2026-07-20 09:30:17,2026-07-23 11:46:01,YES,3,-
0000113450,Rough Turning,2026-07-23 11:46:01,2026-07-31 08:45:47,YES,8,-
0000113450,Drilling & Tapping,2026-07-31 08:45:47,2026-08-10 11:53:09,YES,10,-
0000113450,Quality Check,2026-08-10 11:53:09,2026-08-14 08:18:07,YES,4,-
0000113450,Store,2026-08-14 08:18:07,2026-08-14 08:18:07,YES,0,-
0000113451,Drawing,2026-07-17 14:24:06,2026-07-17 14:26:51,YES,0,-
0000113451,Raw Material,2026-07-17 14:26:51,2026-07-20 09:30:21,YES,3,-
0000113451,Cutting,2026-07-20 09:30:21,2026-07-22 11:42:20,YES,2,-
0000113451,Rough Turning,2026-07-22 11:42:20,2026-07-28 12:22:14,YES,6,-
0000113451,Drilling & Tapping,2026-07-28 12:22:14,2026-08-10 11:52:48,YES,13,-
0000113451,Quality Check,2026-08-10 11:52:48,2026-08-14 08:18:21,YES,4,-
0000113451,Store,2026-08-14 08:18:21,2026-08-14 08:18:21,YES,0,-
0000113463,Cutting,2026-07-20 09:34:21,2026-07-23 11:45:51,YES,3,-
0000113463,Rough Turning,2026-07-23 11:45:51,2026-08-03 11:08:17,YES,11,-
0000113463,Drilling & Tapping,2026-08-03 11:08:17,2026-08-10 11:53:30,YES,7,-
0000113463,Quality Check,2026-08-10 11:53:30,2026-08-14 08:17:34,YES,4,-
0000113463,Store,2026-08-14 08:17:34,2026-08-14 08:17:34,YES,0,-
0000113499,Cutting,2026-07-20 09:39:08,2026-07-23 11:44:47,YES,3,-
0000113499,Rough Turning,2026-07-23 11:44:47,2026-07-29 15:40:03,YES,6,-
0000113499,Drilling & Tapping,2026-07-29 15:40:03,2026-08-10 11:54:20,YES,12,-
0000113499,Quality Check,2026-08-10 11:54:20,2026-08-14 08:17:19,YES,4,-
0000113499,Store,2026-08-14 08:17:19,2026-08-14 08:17:19,YES,0,-
0000113521,Cutting,2026-07-20 09:38:15,2026-07-23 11:46:45,YES,3,-
0000113521,Rough Turning,2026-07-23 11:46:45,2026-07-29 15:43:55,YES,6,-
0000113521,Heat Treatment,2026-07-29 15:43:55,2026-08-06 15:25:58,YES,8,-
0000113521,CNC Machining 1st Side,2026-08-06 15:25:58,2026-08-11 18:03:21,YES,5,-
0000113521,CNC Machining 2nd Side,2026-08-11 18:03:21,2026-08-11 18:03:24,YES,0,-
0000113521,Drilling & Tapping,2026-08-11 18:03:24,2026-08-12 15:20:53,YES,1,-
0000113521,Slitting,2026-08-12 15:20:53,2026-08-17 11:10:07,YES,5,-
0000113521,Quality Check,2026-08-17 11:10:07,2026-08-19 18:18:31,YES,2,-
0000113521,Store,2026-08-19 18:18:31,2026-08-19 18:18:31,YES,0,-
0000113522,Cutting,2026-07-20 09:38:18,2026-07-23 11:46:37,YES,3,-
0000113522,Rough Turning,2026-07-23 11:46:37,2026-07-29 15:43:59,YES,6,-
0000113522,Heat Treatment,2026-07-29 15:43:59,2026-08-06 15:26:03,YES,8,-
0000113522,CNC Machining 1st Side,2026-08-06 15:26:03,2026-08-11 18:03:09,YES,5,-
0000113522,CNC Machining 2nd Side,2026-08-11 18:03:09,2026-08-11 18:03:13,YES,0,-
0000113522,Drilling & Tapping,2026-08-11 18:03:13,2026-08-12 15:20:58,YES,1,-
0000113522,Slitting,2026-08-12 15:20:58,2026-08-17 11:10:02,YES,5,-
0000113522,Quality Check,2026-08-17 11:10:02,2026-08-19 18:18:53,YES,2,-
0000113522,Store,2026-08-19 18:18:53,2026-08-19 18:18:53,YES,0,-
0000113523,Cutting,2026-07-20 09:38:21,2026-07-23 11:43:30,YES,3,-
0000113523,Rough Turning,2026-07-23 11:43:30,2026-07-29 15:43:21,YES,6,-
0000113523,Heat Treatment,2026-07-29 15:43:21,2026-08-06 15:26:30,YES,8,-
0000113523,CNC Machining 1st Side,2026-08-06 15:26:30,2026-08-11 18:02:46,YES,5,-
0000113523,CNC Machining 2nd Side,2026-08-11 18:02:46,2026-08-11 18:02:49,YES,0,-
0000113523,CNC Machining 3rd Side,2026-08-11 18:02:49,2026-08-11 18:02:53,YES,0,-
0000113523,Drilling & Tapping,2026-08-11 18:02:53,2026-08-12 15:21:03,YES,1,-
0000113523,Slitting,2026-08-12 15:21:03,2026-08-17 11:09:55,YES,5,-
0000113523,Quality Check,2026-08-17 11:09:55,2026-08-19 18:19:16,YES,2,-
0000113523,Store,2026-08-19 18:19:16,2026-08-19 18:19:16,YES,0,-
0000113528,Drawing,2026-07-20 09:45:05,2026-07-20 09:45:35,YES,0,-
0000113528,Raw Material,2026-07-20 09:45:35,2026-07-28 11:04:38,YES,8,-
0000113528,Cutting,2026-07-28 11:04:38,2026-07-28 11:11:02,YES,0,-
0000113528,Rough Turning,2026-07-28 11:11:02,2026-08-03 16:57:31,YES,6,-
0000113528,Drilling & Tapping,2026-08-03 16:57:31,2026-08-12 15:21:19,YES,9,-
0000113528,Quality Check,2026-08-12 15:21:19,2026-08-19 18:18:08,YES,7,-
0000113528,Store,2026-08-19 18:18:08,2026-08-19 18:18:08,YES,0,-
0000113535,Cutting,2026-07-20 17:05:24,2026-07-22 17:01:48,YES,2,-
0000113535,Forging,2026-07-18 00:00:00,2026-07-25 10:00:37,YES,7,-
0000113535,Rough Turning,2026-07-22 17:01:48,2026-07-25 10:00:42,YES,3,-
0000113535,Heat Treatment,2026-07-25 10:00:42,2026-08-10 16:05:36,YES,16,-
0000113535,CNC Machining 1st Side,2026-08-10 16:05:36,2026-08-17 10:49:18,YES,7,-
0000113535,CNC Machining 2nd Side,2026-08-17 10:49:18,2026-08-17 10:49:21,YES,0,-
0000113535,CNC Machining 3rd Side,2026-08-17 10:49:21,2026-08-18 16:37:32,YES,1,-
0000113535,Quality Check,2026-08-18 16:37:32,2026-08-19 18:16:30,YES,1,-
0000113535,Store,2026-08-19 18:16:30,2026-08-19 18:16:30,YES,0,-
0000113536,Cutting,2026-07-20 17:05:27,2026-07-22 17:02:29,YES,2,-
0000113536,Forging,2026-07-18 00:00:00,2026-07-25 10:00:22,YES,7,-
0000113536,Rough Turning,2026-07-22 17:02:29,2026-07-25 10:00:29,YES,3,-
0000113536,Heat Treatment,2026-07-25 10:00:29,2026-08-10 16:05:41,YES,16,-
0000113536,CNC Machining 1st Side,2026-08-10 16:05:41,2026-08-17 10:49:06,YES,7,-
0000113536,CNC Machining 2nd Side,2026-08-17 10:49:06,2026-08-17 10:49:09,YES,0,-
0000113536,CNC Machining 3rd Side,2026-08-17 10:49:09,2026-08-18 16:37:46,YES,1,-
0000113536,Quality Check,2026-08-18 16:37:46,2026-08-19 18:16:54,YES,1,-
0000113536,Store,2026-08-19 18:16:54,2026-08-19 18:16:54,YES,0,-
0000113537,Cutting,2026-07-20 17:05:31,2026-07-23 16:04:17,YES,3,-
0000113537,Rough Turning,2026-07-23 16:04:17,2026-08-03 10:11:10,YES,11,-
0000113537,Heat Treatment,2026-08-03 10:11:10,2026-08-10 15:38:55,YES,7,-
0000113537,CNC Machining 1st Side,2026-08-10 15:38:55,2026-08-17 10:48:57,YES,7,-
0000113537,Slitting,2026-08-17 10:48:57,2026-08-19 15:39:39,YES,2,-
0000113537,Quality Check,2026-08-19 15:39:39,2026-08-19 18:17:14,YES,0,-
0000113537,Store,2026-08-19 18:17:14,2026-08-19 18:17:14,YES,0,-
0000113538,Drawing,2026-07-20 09:56:17,2026-07-20 09:57:48,YES,0,-
0000113538,Raw Material,2026-07-20 09:57:48,2026-07-29 18:04:30,YES,9,-
0000113538,Cutting,2026-07-29 18:04:30,2026-07-29 18:10:02,YES,0,-
0000113538,Forging,2026-07-29 18:10:02,2026-08-04 08:32:39,YES,6,-
0000113538,Rough Turning,2026-08-04 08:32:39,2026-08-07 14:02:32,YES,3,-
0000113538,Heat Treatment,2026-08-07 14:02:32,2026-08-10 16:00:54,YES,3,-
0000113538,CNC Machining 1st Side,2026-08-10 16:00:54,2026-08-17 10:48:48,YES,7,-
0000113538,Slitting,2026-08-17 10:48:48,2026-08-19 15:39:31,YES,2,-
0000113538,Quality Check,2026-08-19 15:39:31,2026-08-19 18:17:40,YES,0,-
0000113538,Store,2026-08-19 18:17:40,2026-08-19 18:17:40,YES,0,-
0000113596,Cutting,2026-07-21 17:59:11,2026-07-23 11:46:28,YES,2,-
0000113596,Rough Turning,2026-07-23 11:46:28,2026-07-30 15:56:40,YES,7,-
0000113596,Heat Treatment,2026-07-30 15:56:40,2026-08-06 15:24:24,YES,7,-
0000113596,CNC Machining 1st Side,2026-08-06 15:24:24,2026-08-11 18:05:21,YES,5,-
0000113596,CNC Machining 2nd Side,2026-08-11 18:05:21,2026-08-11 18:05:24,YES,0,-
0000113596,Drilling & Tapping,2026-08-11 18:05:24,2026-08-12 15:21:43,YES,1,-
0000113596,Slitting,2026-08-12 15:21:43,2026-08-17 11:09:42,YES,5,-
0000113596,Quality Check,2026-08-17 11:09:42,2026-08-19 18:14:29,YES,2,-
0000113596,Store,2026-08-19 18:14:29,2026-08-19 18:14:29,YES,0,-
0000113597,Cutting,2026-07-21 17:59:14,2026-07-23 11:46:18,YES,2,-
0000113597,Rough Turning,2026-07-23 11:46:18,2026-07-30 15:55:20,YES,7,-
0000113597,Heat Treatment,2026-07-30 15:55:20,2026-08-06 15:24:45,YES,7,-
0000113597,CNC Machining 1st Side,2026-08-06 15:24:45,2026-08-11 18:05:09,YES,5,-
0000113597,CNC Machining 2nd Side,2026-08-11 18:05:09,2026-08-11 18:05:12,YES,0,-
0000113597,Drilling & Tapping,2026-08-11 18:05:12,2026-08-12 15:21:54,YES,1,-
0000113597,Slitting,2026-08-12 15:21:54,2026-08-17 11:09:47,YES,5,-
0000113597,Quality Check,2026-08-17 11:09:47,2026-08-19 18:14:52,YES,2,-
0000113597,Store,2026-08-19 18:14:52,2026-08-19 18:14:52,YES,0,-
0000113598,Cutting,2026-07-21 17:59:16,2026-07-23 11:43:17,YES,2,-
0000113598,Rough Turning,2026-07-23 11:43:17,2026-07-29 15:43:12,YES,6,-
0000113598,Heat Treatment,2026-07-29 15:43:12,2026-08-06 15:25:10,YES,8,-
0000113598,CNC Machining 1st Side,2026-08-06 15:25:10,2026-08-11 18:04:46,YES,5,-
0000113598,CNC Machining 2nd Side,2026-08-11 18:04:46,2026-08-11 18:04:50,YES,0,-
0000113598,CNC Machining 3rd Side,2026-08-11 18:04:50,2026-08-11 18:04:53,YES,0,-
0000113598,Drilling & Tapping,2026-08-11 18:04:53,2026-08-12 15:22:03,YES,1,-
0000113598,Slitting,2026-08-12 15:22:03,2026-08-17 11:09:35,YES,5,-
0000113598,Quality Check,2026-08-17 11:09:35,2026-08-19 18:15:16,YES,2,-
0000113598,Store,2026-08-19 18:15:16,2026-08-19 18:15:16,YES,0,-
0000113625,CNC Machining 1st Side,2026-08-17 10:52:00,2026-08-17 10:52:03,YES,0,-
0000113625,Slitting,2026-08-17 10:52:03,2026-08-17 11:09:27,YES,0,-
0000113625,Quality Check,2026-08-17 11:09:27,2026-08-19 18:13:44,YES,2,-
0000113625,Store,2026-08-19 18:13:44,2026-08-19 18:13:44,YES,0,-
0000113641,Drawing,2026-07-21 17:27:58,2026-07-21 17:34:46,YES,0,-
0000113641,Raw Material,2026-07-21 17:34:46,2026-07-22 10:36:59,YES,1,-
0000113641,Cutting,2026-07-22 10:36:59,2026-07-28 10:47:19,YES,6,-
0000113641,Rough Turning,2026-07-28 10:47:19,2026-08-04 11:18:24,YES,7,-
0000113641,Drilling & Tapping,2026-08-04 11:18:24,2026-08-12 15:21:32,YES,8,-
0000113641,Quality Check,2026-08-12 15:21:32,2026-08-14 08:22:54,YES,2,-
0000113641,Store,2026-08-14 08:22:54,2026-08-14 08:22:54,YES,0,-
0000113645,Drawing,2026-07-21 17:43:11,2026-07-21 17:44:21,YES,0,-
0000113645,Raw Material,2026-07-21 17:44:21,2026-07-28 11:04:49,YES,7,-
0000113645,Cutting,2026-07-28 11:04:49,2026-07-28 11:11:34,YES,0,-
0000113645,Rough Turning,2026-07-28 11:11:34,2026-08-04 11:18:31,YES,7,-
0000113645,Drilling & Tapping,2026-08-04 11:18:31,2026-08-13 15:52:11,YES,9,-
0000113645,Quality Check,2026-08-13 15:52:11,2026-08-19 18:13:15,YES,6,-
0000113645,Store,2026-08-19 18:13:15,2026-08-19 18:13:15,YES,0,-
0000113655,Cutting,2026-07-25 11:47:17,2026-07-25 11:47:23,YES,0,-
0000113655,Rough Turning,2026-07-25 11:47:23,2026-07-29 15:40:10,YES,4,-
0000113655,Drilling & Tapping,2026-07-29 15:40:10,2026-08-13 15:33:45,YES,15,-
0000113655,Quality Check,2026-08-13 15:33:45,2026-08-19 18:12:46,YES,6,-
0000113655,Store,2026-08-19 18:12:46,2026-08-19 18:12:46,YES,0,-
0000113689,Drawing,2026-07-22 15:07:18,2026-07-22 19:12:48,YES,0,-
0000113689,Raw Material,2026-07-22 19:12:48,2026-07-22 19:12:56,YES,0,-
0000113689,Cutting,2026-07-22 19:12:56,2026-07-29 17:53:27,YES,7,-
0000113689,Forging,2026-07-29 17:53:27,2026-08-03 08:59:24,YES,5,-
0000113689,Normalising,2026-08-03 08:59:24,2026-08-03 08:59:29,YES,0,-
0000113689,Rough Turning,2026-08-03 08:59:29,2026-08-07 14:02:56,YES,4,-
0000113689,Heat Treatment,2026-08-07 14:02:56,2026-08-10 16:01:49,YES,3,-
0000113689,CNC Machining 1st Side,2026-08-10 16:01:49,2026-08-14 08:54:10,YES,4,-
0000113689,Slitting,2026-08-14 08:54:10,2026-08-17 11:09:18,YES,3,-
0000113689,Quality Check,2026-08-17 11:09:18,2026-08-19 18:11:38,YES,2,-
0000113689,Store,2026-08-19 18:11:38,2026-08-19 18:11:38,YES,0,-
0000113700,Assembly,2026-07-22 19:20:23,2026-08-08 16:10:38,YES,17,-
0000113700,Store,2026-08-08 16:10:38,2026-08-08 16:10:38,YES,0,-
0000113709,Drawing,2026-07-22 19:31:50,2026-07-22 19:33:03,YES,0,-
0000113709,Raw Material,2026-07-22 19:33:03,2026-07-26 09:17:41,YES,4,-
0000113709,Cutting,2026-07-26 09:17:41,2026-07-27 15:30:16,YES,1,-
0000113709,Rough Turning,2026-07-27 15:30:16,2026-07-28 09:34:43,YES,1,-
0000113709,Heat Treatment,2026-07-28 09:34:43,2026-08-06 15:18:03,YES,9,-
0000113709,CNC Machining 1st Side,2026-08-06 15:18:03,2026-08-12 15:11:33,YES,6,-
0000113709,CNC Machining 2nd Side,2026-08-12 15:11:33,2026-08-17 13:37:01,YES,5,-
0000113709,Drilling & Tapping,2026-08-17 13:37:01,2026-08-17 13:37:07,YES,0,-
0000113709,Slitting,2026-08-17 13:37:07,2026-08-19 15:38:56,YES,2,-
0000113709,Quality Check,2026-08-19 15:38:56,2026-08-19 18:10:17,YES,0,-
0000113709,Store,2026-08-19 18:10:17,2026-08-19 18:10:17,YES,0,-
0000113710,Raw Material,2026-07-22 19:33:07,2026-07-26 09:17:44,YES,4,-
0000113710,Cutting,2026-07-26 09:17:44,2026-07-27 15:29:34,YES,1,-
0000113710,Rough Turning,2026-07-27 15:29:34,2026-07-28 09:34:57,YES,1,-
0000113710,Heat Treatment,2026-07-28 09:34:57,2026-08-06 15:18:21,YES,9,-
0000113710,CNC Machining 1st Side,2026-08-06 15:18:21,2026-08-12 15:11:42,YES,6,-
0000113710,CNC Machining 2nd Side,2026-08-12 15:11:42,2026-08-17 13:37:22,YES,5,-
0000113710,Drilling & Tapping,2026-08-17 13:37:22,2026-08-17 13:37:26,YES,0,-
0000113710,Slitting,2026-08-17 13:37:26,2026-08-19 15:39:04,YES,2,-
0000113710,Quality Check,2026-08-19 15:39:04,2026-08-19 18:10:43,YES,0,-
0000113710,Store,2026-08-19 18:10:43,2026-08-19 18:10:43,YES,0,-
0000113711,Drawing,2026-07-22 19:31:50,2026-07-22 19:32:59,YES,0,-
0000113711,Raw Material,2026-07-22 19:32:59,2026-07-31 08:40:22,YES,9,-
0000113711,Cutting,2026-07-31 08:40:22,2026-07-31 08:40:27,YES,0,-
0000113711,Rough Turning,2026-07-31 08:40:27,2026-08-04 13:53:58,YES,4,-
0000113711,Heat Treatment,2026-08-04 13:53:58,2026-08-10 15:48:21,YES,6,-
0000113711,CNC Machining 1st Side,2026-08-10 15:48:21,2026-08-12 15:11:53,YES,2,-
0000113711,CNC Machining 2nd Side,2026-08-12 15:11:53,2026-08-13 15:35:34,YES,1,-
0000113711,CNC Machining 3rd Side,2026-08-13 15:35:34,2026-08-13 15:35:38,YES,0,-
0000113711,Drilling & Tapping,2026-08-13 15:35:38,2026-08-18 16:52:01,YES,5,-
0000113711,Slitting,2026-08-18 16:52:01,2026-08-19 15:39:11,YES,1,-
0000113711,Quality Check,2026-08-19 15:39:11,2026-08-19 18:11:10,YES,0,-
0000113711,Store,2026-08-19 18:11:10,2026-08-19 18:11:10,YES,0,-
0000113737,Drawing,2026-07-23 15:09:05,2026-07-23 15:09:32,YES,0,-
0000113737,Raw Material,2026-07-23 15:09:32,2026-07-23 15:09:35,YES,0,-
0000113737,Cutting,2026-07-23 15:09:35,2026-07-29 09:13:03,YES,6,-
0000113737,Rough Turning,2026-07-29 09:13:03,2026-07-29 09:13:06,YES,0,-
0000113737,Drilling & Tapping,2026-07-29 09:13:06,2026-07-29 09:13:11,YES,0,-
0000113737,Heat Treatment,2026-07-29 09:13:11,2026-07-30 14:05:55,YES,1,-
0000113737,Keyway,2026-07-30 14:05:55,2026-08-07 17:50:56,YES,8,-
0000113737,ID Grinding,2026-08-07 17:50:56,2026-08-07 17:51:01,YES,0,-
0000113737,OD Grinding,2026-08-07 17:51:01,2026-08-07 17:51:04,YES,0,-
0000113737,Quality Check,2026-08-07 17:51:04,2026-08-08 14:28:21,YES,1,-
0000113737,Assembly,2026-08-08 14:28:21,2026-08-08 14:28:27,YES,0,-
0000113737,Store,2026-08-08 14:28:27,2026-08-08 14:28:27,YES,0,-
0000113787,Drawing,2026-07-27 09:27:04,2026-07-27 09:49:48,YES,0,-
0000113787,Raw Material,2026-07-27 09:49:48,2026-07-28 13:59:42,YES,1,-
0000113787,Cutting,2026-07-28 13:59:42,2026-08-01 14:32:28,YES,4,-
0000113787,Rough Turning,2026-08-01 14:32:28,2026-08-07 14:02:02,YES,6,-
0000113787,Heat Treatment,2026-08-07 14:02:02,2026-08-10 16:00:35,YES,3,-
0000113787,Quality Check,2026-08-10 16:00:35,2026-08-14 08:15:33,YES,4,-
0000113787,Store,2026-08-14 08:15:33,2026-08-14 08:15:33,YES,0,-
0000113788,Drawing,2026-07-27 09:27:04,2026-07-27 09:49:52,YES,0,-
0000113788,Raw Material,2026-07-27 09:49:52,2026-07-28 13:59:59,YES,1,-
0000113788,Cutting,2026-07-28 13:59:59,2026-07-30 15:36:12,YES,2,-
0000113788,Rough Turning,2026-07-30 15:36:12,2026-08-04 12:10:59,YES,5,-
0000113788,Heat Treatment,2026-08-04 12:10:59,2026-08-10 15:42:36,YES,6,-
0000113788,Quality Check,2026-08-10 15:42:36,2026-08-14 08:15:51,YES,4,-
0000113788,Store,2026-08-14 08:15:51,2026-08-14 08:15:51,YES,0,-
0000113790,Drawing,2026-07-27 09:27:04,2026-07-27 09:49:58,YES,0,-
0000113790,Raw Material,2026-07-27 09:49:58,2026-07-28 14:00:35,YES,1,-
0000113790,Cutting,2026-07-28 14:00:35,2026-08-01 09:44:51,YES,4,-
0000113790,Forging,2026-08-01 09:44:51,2026-08-07 09:44:56,YES,6,-
0000113790,Rough Turning,2026-08-07 09:44:56,2026-08-10 12:19:59,YES,3,-
0000113790,Heat Treatment,2026-08-10 12:19:59,2026-08-17 09:40:46,YES,7,-
0000113790,Quality Check,2026-08-17 09:40:46,2026-08-19 18:08:16,YES,2,-
0000113790,Store,2026-08-19 18:08:16,2026-08-19 18:08:16,YES,0,-
0000113792,Drawing,2026-07-27 09:27:04,2026-07-27 09:50:05,YES,0,-
0000113792,Raw Material,2026-07-27 09:50:05,2026-07-28 14:00:50,YES,1,-
0000113792,Cutting,2026-07-28 14:00:50,2026-08-01 18:29:15,YES,4,-
0000113792,Forging,2026-08-01 18:29:15,2026-08-10 12:21:57,YES,9,-
0000113792,Rough Turning,2026-08-10 12:21:57,2026-08-11 11:48:01,YES,1,-
0000113792,Heat Treatment,2026-08-11 11:48:01,2026-08-19 16:25:54,YES,8,-
0000113792,Quality Check,2026-08-19 16:25:54,2026-08-19 18:08:47,YES,0,-
0000113792,Store,2026-08-19 18:08:47,2026-08-19 18:08:47,YES,0,-
0000113894,Keyway,2026-07-28 16:06:12,2026-08-07 17:52:07,YES,10,-
0000113894,ID Grinding,2026-08-07 17:52:07,2026-08-07 17:52:09,YES,0,-
0000113894,OD Grinding,2026-08-07 17:52:09,2026-08-07 17:52:12,YES,0,-
0000113894,Quality Check,2026-08-07 17:52:12,2026-08-08 16:25:26,YES,1,-
0000113894,Assembly,2026-08-08 16:25:26,2026-08-08 16:25:30,YES,0,-
0000113894,Store,2026-08-08 16:25:30,2026-08-08 16:25:30,YES,0,-
0000113925,Keyway,2026-07-29 09:20:41,2026-08-07 17:51:30,YES,9,-
0000113925,ID Grinding,2026-08-07 17:51:30,2026-08-07 17:51:34,YES,0,-
0000113925,OD Grinding,2026-08-07 17:51:34,2026-08-07 17:51:37,YES,0,-
0000113925,Quality Check,2026-08-07 17:51:37,2026-08-08 14:28:48,YES,1,-
0000113925,Assembly,2026-08-08 14:28:48,2026-08-08 14:28:52,YES,0,-
0000113925,Store,2026-08-08 14:28:52,2026-08-08 14:28:52,YES,0,-
0000113927,Drawing,2026-07-29 16:58:59,2026-07-29 16:59:19,YES,0,-
0000113927,Raw Material,2026-07-29 16:59:19,2026-07-29 16:59:26,YES,0,-
0000113927,Cutting,2026-07-29 16:59:26,2026-07-29 16:59:31,YES,0,-
0000113927,Normalising,2026-07-29 16:59:31,2026-07-29 16:59:38,YES,0,-
0000113927,Rough Turning,2026-07-29 16:59:38,2026-07-30 15:54:37,YES,1,-
0000113927,Heat Treatment,2026-07-30 15:54:37,2026-08-06 15:17:14,YES,7,-
0000113927,CNC Machining 1st Side,2026-08-06 15:17:14,2026-08-12 15:13:16,YES,6,operator
0000113927,CNC Machining 2nd Side,2026-08-12 15:13:16,2026-08-17 13:36:25,YES,5,-
0000113927,CNC Machining 3rd Side,2026-08-17 13:36:25,2026-08-17 13:36:29,YES,0,-
0000113927,Drilling & Tapping,2026-08-17 13:36:29,2026-08-17 13:36:34,YES,0,-
0000113927,Slitting,2026-08-17 13:36:34,2026-08-17 16:39:19,YES,0,-
0000113927,Quality Check,2026-08-17 16:39:19,2026-08-19 18:07:18,YES,2,-
0000113927,Store,2026-08-19 18:07:18,2026-08-19 18:07:18,YES,0,-
0000114014,Drawing,2026-07-30 10:37:49,2026-07-30 10:38:18,YES,0,-
0000114014,Raw Material,2026-07-30 10:38:18,2026-08-03 09:27:19,YES,4,-
0000114014,Cutting,2026-08-03 09:27:19,2026-08-06 09:34:23,YES,3,-
0000114014,Rough Turning,2026-08-06 09:34:23,2026-08-10 14:34:38,YES,4,-
0000114014,Drilling & Tapping,2026-08-10 14:34:38,2026-08-12 15:22:31,YES,2,-
0000114014,Quality Check,2026-08-12 15:22:31,2026-08-19 18:02:22,YES,7,-
0000114014,Store,2026-08-19 18:02:22,2026-08-19 18:02:22,YES,0,-
0000114021,Drawing,2026-07-30 11:48:15,2026-07-30 11:51:50,YES,0,-
0000114021,Raw Material,2026-07-30 11:51:50,2026-08-03 09:27:42,YES,4,-
0000114021,Cutting,2026-08-03 09:27:42,2026-08-06 09:37:28,YES,3,-
0000114021,Rough Turning,2026-08-06 09:37:28,2026-08-08 14:37:03,YES,2,-
0000114021,Drilling & Tapping,2026-08-08 14:37:03,2026-08-17 13:55:36,YES,9,-
0000114021,Quality Check,2026-08-17 13:55:36,2026-08-19 18:01:57,YES,2,-
0000114021,Store,2026-08-19 18:01:57,2026-08-19 18:01:57,YES,0,-
0000114030,Drawing,2026-07-30 12:52:41,2026-07-30 14:21:41,YES,0,-
0000114030,Raw Material,2026-07-30 14:21:41,2026-08-03 09:28:15,YES,4,-
0000114030,Cutting,2026-08-03 09:28:15,2026-08-07 14:12:58,YES,4,-
0000114030,Rough Turning,2026-08-07 14:12:58,2026-08-11 11:44:37,YES,4,-
0000114030,Drilling & Tapping,2026-08-11 11:44:37,2026-08-17 13:55:14,YES,6,-
0000114030,Quality Check,2026-08-17 13:55:14,2026-08-19 18:01:38,YES,2,-
0000114030,Store,2026-08-19 18:01:38,2026-08-19 18:01:38,YES,0,-
0000114341,CNC Machining 1st Side,2026-08-05 11:02:20,2026-08-09 10:36:36,YES,4,-
0000114341,CNC Machining 2nd Side,2026-08-09 10:36:36,2026-08-09 10:36:41,YES,0,-
0000114341,Slitting,2026-08-09 10:36:41,2026-08-10 16:58:03,YES,1,-
0000114341,Quality Check,2026-08-10 16:58:03,2026-08-14 08:14:04,YES,4,-
0000114341,Store,2026-08-14 08:14:04,2026-08-14 08:14:04,YES,0,-
0000114344,CNC Machining 1st Side,2026-08-05 11:02:31,2026-08-09 10:37:02,YES,4,-
0000114344,CNC Machining 2nd Side,2026-08-09 10:37:02,2026-08-09 10:37:06,YES,0,-
0000114344,Slitting,2026-08-09 10:37:06,2026-08-10 17:00:26,YES,1,-
0000114344,Quality Check,2026-08-10 17:00:26,2026-08-14 08:14:18,YES,4,-
0000114344,Store,2026-08-14 08:14:18,2026-08-14 08:14:18,YES,0,-
0000114346,CNC Machining 1st Side,2026-08-05 11:01:55,2026-08-06 16:04:12,YES,1,-
0000114346,CNC Machining 2nd Side,2026-08-06 16:04:12,2026-08-09 10:36:07,YES,3,-
0000114346,Slitting,2026-08-09 10:36:07,2026-08-10 08:28:42,YES,1,-
0000114346,Quality Check,2026-08-10 08:28:42,2026-08-14 08:13:34,YES,4,-
0000114346,Store,2026-08-14 08:13:34,2026-08-14 08:13:34,YES,0,-
0000114348,CNC Machining 1st Side,2026-08-05 11:02:06,2026-08-09 10:35:17,YES,4,-
0000114348,CNC Machining 2nd Side,2026-08-09 10:35:17,2026-08-09 10:35:22,YES,0,-
0000114348,Slitting,2026-08-09 10:35:22,2026-08-10 17:00:16,YES,1,-
0000114348,Quality Check,2026-08-10 17:00:16,2026-08-14 08:13:50,YES,4,-
0000114348,Store,2026-08-14 08:13:50,2026-08-14 08:13:50,YES,0,-
0000114385,Drawing,2026-08-05 18:54:46,2026-08-05 18:55:06,YES,0,-
0000114385,Raw Material,2026-08-05 18:55:06,2026-08-05 18:55:22,YES,0,-
0000114385,Cutting,2026-08-05 18:55:22,2026-08-07 14:18:06,YES,2,-
0000114385,Rough Turning,2026-08-07 14:18:06,2026-08-11 11:44:21,YES,4,-
0000114385,Drilling & Tapping,2026-08-11 11:44:21,2026-08-17 13:52:59,YES,6,-
0000114385,Quality Check,2026-08-17 13:52:59,2026-08-18 09:32:27,YES,1,-
0000114385,Store,2026-08-18 09:32:27,2026-08-18 09:32:27,YES,0,-
