Decision,DB Link ID,Parent Code,RM Code,Current DB UOM,Excel UOM,DB Qty,DB Alternate,Remark
SAFE_TO_FIX,225,NSHNT0000007,NRRBR0000102,Kg.,mm,28.000,0,Change UOM only: Kg. -> mm
SAFE_TO_FIX,366,NACLS0000135,NRRBR0000090,Kg.,mm,70.000,0,Change UOM only: Kg. -> mm
SAFE_TO_FIX,415,NACLS0000115,NRRBR0000090,Kg.,mm,70.000,0,Change UOM only: Kg. -> mm
SAFE_TO_FIX,1111,NAORC0000053,NRRBR0000080,Kg.,mm,155.000,0,Change UOM only: Kg. -> mm
SAFE_TO_FIX,2025,NCONS0001554,NRRBR0000102,Kg.,mm,90.000,0,Change UOM only: Kg. -> mm
SAFE_TO_FIX,4762,NCONS0001589,NRRBR0000112,Kg.,mm,57.000,0,Change UOM only: Kg. -> mm
SAFE_TO_FIX,4765,NCONS0001588,NRRBR0000116,Kg.,mm,57.000,0,Change UOM only: Kg. -> mm
SAFE_TO_FIX,5659,NHDPN0000049,NRRBR0000112,Kg.,mm,83.000,0,Change UOM only: Kg. -> mm
SAFE_TO_FIX,5679,NHDPN0000029,NRRBR0000112,Kg.,mm,108.000,0,Change UOM only: Kg. -> mm
SAFE_TO_FIX,6398,NCONS0001526,NRRBR0000044,Kg.,mm,803.000,0,Change UOM only: Kg. -> mm
SAFE_TO_FIX,7082,NHDPN0000043,NRRBR0000116,Kg.,mm,135.000,0,Change UOM only: Kg. -> mm
SAFE_TO_FIX,7151,NHDPN0000046,NRRBR0000112,Kg.,mm,88.000,0,Change UOM only: Kg. -> mm
SAFE_TO_FIX,7984,NSWSR0000198,NRRBR0000102,Kg.,mm,81.000,0,Change UOM only: Kg. -> mm
SAFE_TO_FIX,8544,NSWSR0000342,NRRBR0000116,Kg.,mm,63.000,0,Change UOM only: Kg. -> mm
SAFE_TO_FIX,9026,NSRLR0000087,NRRBR0000044,Kg.,mm,59.000,0,Change UOM only: Kg. -> mm
SAFE_TO_FIX,10915,NAFRN0000191,NRRBR0000124,Kg.,mm,32.000,1,Change UOM only: Kg. -> mm
SAFE_TO_FIX,10917,NARRN0000191,NRRBR0000124,Kg.,mm,32.000,1,Change UOM only: Kg. -> mm
SAFE_TO_FIX,11222,NCONS0001580,NRRBR0000102,Kg.,mm,60.000,0,Change UOM only: Kg. -> mm
SAFE_TO_FIX,11717,NAVDS0000031,NRRBR0000598,Kg.,mm,30.000,0,Change UOM only: Kg. -> mm
SAFE_TO_FIX,12933,NCONS0001690,NRRBR0000102,Kg.,mm,89.000,0,Change UOM only: Kg. -> mm
SAFE_TO_FIX,13473,NAORC0001481,NRRBR0000080,Kg.,mm,213.000,0,Change UOM only: Kg. -> mm
SAFE_TO_FIX,15602,NSRLR0000089,NRRBR0000044,Kg.,mm,46.000,0,Change UOM only: Kg. -> mm
SAFE_TO_FIX,15768,NCONS0001610,NRRBR0000598,Kg.,mm,89.000,0,Change UOM only: Kg. -> mm
SAFE_TO_FIX,15798,NSRLR0000138,NRRBR0000044,Kg.,mm,53.000,0,Change UOM only: Kg. -> mm
SAFE_TO_FIX,15814,NSRLR0000117,NRRBR0000044,Kg.,mm,75.000,0,Change UOM only: Kg. -> mm
SAFE_TO_FIX,15819,NCONS0001892,NRRBR0000598,Kg.,mm,138.000,0,Change UOM only: Kg. -> mm
SAFE_TO_FIX,15986,NBHXB0000133,NRRBR0000112,Kg.,mm,105.000,0,Change UOM only: Kg. -> mm
SAFE_TO_FIX,18208,NAIRC0000094,NRRBR0000080,Kg.,mm,98.000,0,Change UOM only: Kg. -> mm
SAFE_TO_FIX,18429,NAIRC0000090,NRRBR0000080,Kg.,mm,88.000,0,Change UOM only: Kg. -> mm
SAFE_TO_FIX,21674,NAOTR0000265,NRRBR0000102,Kg.,mm,25.000,0,Change UOM only: Kg. -> mm
SAFE_TO_FIX,21692,NAOTR0000129,NRRBR0000102,Kg.,mm,35.000,0,Change UOM only: Kg. -> mm
SAFE_TO_FIX,21857,NCONS0000785,NRRBR0000112,Kg.,mm,68.000,0,Change UOM only: Kg. -> mm
SAFE_TO_FIX,21860,NCONS0000782,NRRBR0000102,Kg.,mm,68.000,0,Change UOM only: Kg. -> mm
SAFE_TO_FIX,21981,NAOTR0000635,NRRBR0000102,Kg.,mm,41.000,0,Change UOM only: Kg. -> mm
SAFE_TO_FIX,22000,NCONS0000797,NRRBR0000116,Kg.,mm,68.000,0,Change UOM only: Kg. -> mm
SAFE_TO_FIX,22020,NAINR0000052,NRRBR0000102,Kg.,mm,38.000,0,Change UOM only: Kg. -> mm
SAFE_TO_FIX,22028,NAOTR0000634,NRRBR0000102,Kg.,mm,42.000,0,Change UOM only: Kg. -> mm
SAFE_TO_FIX,22052,NCONS0000809,NRRBR0000102,Kg.,mm,77.000,0,Change UOM only: Kg. -> mm
SAFE_TO_FIX,22065,NAOTR0000631,NRRBR0000116,Kg.,mm,42.000,0,Change UOM only: Kg. -> mm
SAFE_TO_FIX,22070,NAINR0000225,NRRBR0000102,Kg.,mm,34.000,0,Change UOM only: Kg. -> mm
SAFE_TO_FIX,22086,NAINR0000577,NRRBR0000116,Kg.,mm,68.000,0,Change UOM only: Kg. -> mm
SAFE_TO_FIX,22105,NCONS0000781,NRRBR0000112,Kg.,mm,71.000,0,Change UOM only: Kg. -> mm
SAFE_TO_FIX,22147,NCONS0001044,NRRBR0000124,Kg.,mm,77.000,0,Change UOM only: Kg. -> mm
SAFE_TO_FIX,22178,NCONS0000938,NRRBR0000112,Kg.,mm,74.000,0,Change UOM only: Kg. -> mm
SAFE_TO_FIX,22203,NAINR0000543,NRRBR0000102,Kg.,mm,48.000,0,Change UOM only: Kg. -> mm
SAFE_TO_FIX,22235,NAINR0000544,NRRBR0000102,Kg.,mm,48.000,0,Change UOM only: Kg. -> mm
SAFE_TO_FIX,22246,NAINR0000049,NRRBR0000102,Kg.,mm,37.000,0,Change UOM only: Kg. -> mm
SAFE_TO_FIX,22251,NAINR0000129,NRRBR0000102,Kg.,mm,45.000,0,Change UOM only: Kg. -> mm
SAFE_TO_FIX,22262,NAOTR0000193,NRRBR0000102,Kg.,mm,25.000,0,Change UOM only: Kg. -> mm
SAFE_TO_FIX,22312,NAFRN0000187,NRRBR0000124,Kg.,mm,26.000,0,Change UOM only: Kg. -> mm
SAFE_TO_FIX,22313,NAOTR0000447,NRRBR0000124,Kg.,mm,50.000,1,Change UOM only: Kg. -> mm
SAFE_TO_FIX,22314,NARRN0000187,NRRBR0000124,Kg.,mm,26.000,0,Change UOM only: Kg. -> mm
SAFE_TO_FIX,22319,NAFRN0000470,NRRBR0000124,Kg.,mm,31.000,0,Change UOM only: Kg. -> mm
SAFE_TO_FIX,22321,NARRN0000472,NRRBR0000124,Kg.,mm,31.000,0,Change UOM only: Kg. -> mm
SAFE_TO_FIX,22390,NAOTR0000230,NRRBR0000102,Kg.,mm,26.000,1,Change UOM only: Kg. -> mm
SAFE_TO_FIX,22424,NAINR0000138,NRRBR0000124,Kg.,mm,55.000,0,Change UOM only: Kg. -> mm
SAFE_TO_FIX,22427,NCONS0000968,NRRBR0000124,Kg.,mm,119.000,0,Change UOM only: Kg. -> mm
SAFE_TO_FIX,22433,NAINR0000045,NRRBR0000116,Kg.,mm,38.000,0,Change UOM only: Kg. -> mm
SAFE_TO_FIX,22435,NCONS0000926,NRRBR0000116,Kg.,mm,115.000,0,Change UOM only: Kg. -> mm
SAFE_TO_FIX,22437,NAOTR0000045,NRRBR0000116,Kg.,mm,31.000,0,Change UOM only: Kg. -> mm
SAFE_TO_FIX,22439,NCONS0000927,NRRBR0000116,Kg.,mm,97.000,0,Change UOM only: Kg. -> mm
SAFE_TO_FIX,22508,NCONS0000896,NRRBR0000102,Kg.,mm,78.000,0,Change UOM only: Kg. -> mm
SAFE_TO_FIX,22545,NAINR0000734,NRRBR0000102,Kg.,mm,37.000,0,Change UOM only: Kg. -> mm
SAFE_TO_FIX,22546,NAOTR0000074,NRRBR0000116,Kg.,mm,30.000,0,Change UOM only: Kg. -> mm
SAFE_TO_FIX,22551,NAINR0000117,NRRBR0000102,Kg.,mm,31.000,0,Change UOM only: Kg. -> mm
SAFE_TO_FIX,22552,NAOTR0000117,NRRBR0000102,Kg.,mm,31.000,0,Change UOM only: Kg. -> mm
SAFE_TO_FIX,22563,NAINR0000894,NRRBR0000112,Kg.,mm,253.000,0,Change UOM only: Kg. -> mm
SAFE_TO_FIX,22566,NAOTR0000852,NRRBR0000112,Kg.,mm,253.000,0,Change UOM only: Kg. -> mm
SAFE_TO_FIX,22634,NCONS0000887,NRRBR0000116,Kg.,mm,71.000,0,Change UOM only: Kg. -> mm
SAFE_TO_FIX,22641,NCONS0000956,NRRBR0000116,Kg.,mm,50.000,0,Change UOM only: Kg. -> mm
SAFE_TO_FIX,22749,NCONS0000825,NRRBR0000102,Kg.,mm,77.000,0,Change UOM only: Kg. -> mm
SAFE_TO_FIX,22857,NAINR0000046,NRRBR0000116,Kg.,mm,38.000,1,Change UOM only: Kg. -> mm
SAFE_TO_FIX,22875,NAINR0000076,NRRBR0000102,Kg.,mm,38.000,0,Change UOM only: Kg. -> mm
SAFE_TO_FIX,22876,NAOTR0000077,NRRBR0000116,Kg.,mm,32.000,1,Change UOM only: Kg. -> mm
SAFE_TO_FIX,22881,NAINR0000077,NRRBR0000102,Kg.,mm,38.000,0,Change UOM only: Kg. -> mm
SAFE_TO_FIX,23004,NAINR0000195,NRRBR0000102,Kg.,mm,34.000,0,Change UOM only: Kg. -> mm
SAFE_TO_FIX,23014,NCONS0000913,NRRBR0000116,Kg.,mm,63.000,0,Change UOM only: Kg. -> mm
SAFE_TO_FIX,23050,NAINR0000114,NRRBR0000116,Kg.,mm,32.000,0,Change UOM only: Kg. -> mm
SAFE_TO_FIX,23055,NAINR0000051,NRRBR0000102,Kg.,mm,38.000,0,Change UOM only: Kg. -> mm
SAFE_TO_FIX,23076,NAINR0000751,NRRBR0000112,Kg.,mm,27.000,0,Change UOM only: Kg. -> mm
SAFE_TO_FIX,23124,NAOTR0000441,NRRBR0000102,Kg.,mm,39.000,0,Change UOM only: Kg. -> mm
SAFE_TO_FIX,23174,NAOTR0000449,NRRBR0000124,Kg.,mm,51.000,1,Change UOM only: Kg. -> mm
SAFE_TO_FIX,23224,NAINR0000126,NRRBR0000116,Kg.,mm,45.000,0,Change UOM only: Kg. -> mm
SAFE_TO_FIX,23225,NAOTR0000125,NRRBR0000116,Kg.,mm,34.000,0,Change UOM only: Kg. -> mm
SAFE_TO_FIX,23234,NCONS0000893,NRRBR0000102,Kg.,mm,58.000,0,Change UOM only: Kg. -> mm
SAFE_TO_FIX,23261,NCONS0000899,NRRBR0000116,Kg.,mm,48.000,0,Change UOM only: Kg. -> mm
SAFE_TO_FIX,23267,NCONS0000898,NRRBR0000102,Kg.,mm,56.000,0,Change UOM only: Kg. -> mm
SAFE_TO_FIX,23337,NCONS0000918,NRRBR0000112,Kg.,mm,46.000,0,Change UOM only: Kg. -> mm
SAFE_TO_FIX,23383,NAINR0000125,NRRBR0000116,Kg.,mm,46.000,0,Change UOM only: Kg. -> mm
SAFE_TO_FIX,23422,NAOTR0000466,NRRBR0000598,Kg.,mm,155.000,0,Change UOM only: Kg. -> mm
SAFE_TO_FIX,23501,NAOTR0000630,NRRBR0000116,Kg.,mm,34.000,0,Change UOM only: Kg. -> mm
SAFE_TO_FIX,23513,NAINR0000363,NRRBR0000116,Kg.,mm,35.000,0,Change UOM only: Kg. -> mm
SAFE_TO_FIX,23514,NAOTR0000324,NRRBR0000116,Kg.,mm,26.000,0,Change UOM only: Kg. -> mm
SAFE_TO_FIX,23540,NCONS0001040,NRRBR0000116,Kg.,mm,104.000,0,Change UOM only: Kg. -> mm
SAFE_TO_FIX,23564,NAINR0000586,NRRBR0000124,Kg.,mm,92.000,0,Change UOM only: Kg. -> mm
SAFE_TO_FIX,23602,NAOTR0000326,NRRBR0000116,Kg.,mm,26.000,0,Change UOM only: Kg. -> mm
SAFE_TO_FIX,23680,NAOTR0000465,NRRBR0000598,Kg.,mm,143.000,0,Change UOM only: Kg. -> mm
SAFE_TO_FIX,23728,NAINR0000190,NRRBR0000116,Kg.,mm,33.000,0,Change UOM only: Kg. -> mm
SAFE_TO_FIX,23729,NAOTR0000190,NRRBR0000116,Kg.,mm,25.000,0,Change UOM only: Kg. -> mm
SAFE_TO_FIX,23793,NCONS0000871,NRRBR0000116,Kg.,mm,71.000,0,Change UOM only: Kg. -> mm
SAFE_TO_FIX,23835,NAFRN0000185,NRRBR0000102,Kg.,mm,24.000,0,Change UOM only: Kg. -> mm
SAFE_TO_FIX,23836,NAOTR0000445,NRRBR0000102,Kg.,mm,48.000,0,Change UOM only: Kg. -> mm
SAFE_TO_FIX,23837,NARRN0000185,NRRBR0000102,Kg.,mm,24.000,0,Change UOM only: Kg. -> mm
SAFE_TO_FIX,23844,NAOTR0000641,NRRBR0000124,Kg.,mm,60.000,0,Change UOM only: Kg. -> mm
SAFE_TO_FIX,23905,NAINR0000196,NRRBR0000102,Kg.,mm,34.000,0,Change UOM only: Kg. -> mm
SAFE_TO_FIX,23999,NAINR0000137,NRRBR0000124,Kg.,mm,55.000,0,Change UOM only: Kg. -> mm
SAFE_TO_FIX,24023,NAOTR0000260,NRRBR0000102,Kg.,mm,25.000,0,Change UOM only: Kg. -> mm
SAFE_TO_FIX,24072,NAOTR0000264,NRRBR0000102,Kg.,mm,26.000,0,Change UOM only: Kg. -> mm
SAFE_TO_FIX,24194,NAINR0000330,NRRBR0000102,Kg.,mm,25.000,0,Change UOM only: Kg. -> mm
SAFE_TO_FIX,24195,NAOTR0000291,NRRBR0000102,Kg.,mm,20.000,0,Change UOM only: Kg. -> mm
SAFE_TO_FIX,24388,NAINR0000455,NRRBR0000102,Kg.,mm,71.000,0,Change UOM only: Kg. -> mm
SAFE_TO_FIX,24543,NCONS0001081,NRRBR0000116,Kg.,mm,104.000,0,Change UOM only: Kg. -> mm
SAFE_TO_FIX,24577,NAINR0000115,NRRBR0000116,Kg.,mm,34.000,0,Change UOM only: Kg. -> mm
SAFE_TO_FIX,24593,NAOTR0000622,NRRBR0000112,Kg.,mm,29.000,0,Change UOM only: Kg. -> mm
SAFE_TO_FIX,24615,NAOTR0000629,NRRBR0000116,Kg.,mm,34.000,0,Change UOM only: Kg. -> mm
SAFE_TO_FIX,24678,NAINR0000572,NRRBR0000112,Kg.,mm,67.000,0,Change UOM only: Kg. -> mm
SAFE_TO_FIX,24683,NAINR0000328,NRRBR0000116,Kg.,mm,26.000,0,Change UOM only: Kg. -> mm
SAFE_TO_FIX,24799,NAOTR0000822,NRRBR0000124,Kg.,mm,29.000,0,Change UOM only: Kg. -> mm
SAFE_TO_FIX,24898,NAINR0000159,NRRBR0000102,Kg.,mm,46.000,0,Change UOM only: Kg. -> mm
SAFE_TO_FIX,25156,NAINR0000118,NRRBR0000102,Kg.,mm,36.000,0,Change UOM only: Kg. -> mm
SAFE_TO_FIX,25181,NAINR0000898,NRRBR0000102,Kg.,mm,34.000,0,Change UOM only: Kg. -> mm
SAFE_TO_FIX,25182,NAOTR0000855,NRRBR0000102,Kg.,mm,26.000,0,Change UOM only: Kg. -> mm
SAFE_TO_FIX,25190,NAINR0000539,NRRBR0000116,Kg.,mm,42.000,0,Change UOM only: Kg. -> mm
SAFE_TO_FIX,25230,NAFRN0000188,NRRBR0000124,Kg.,mm,27.000,0,Change UOM only: Kg. -> mm
SAFE_TO_FIX,25231,NAOTR0000448,NRRBR0000124,Kg.,mm,52.000,0,Change UOM only: Kg. -> mm
SAFE_TO_FIX,25232,NARRN0000188,NRRBR0000124,Kg.,mm,27.000,0,Change UOM only: Kg. -> mm
SAFE_TO_FIX,25278,NCONS0001167,NRRBR0000112,Kg.,mm,256.000,0,Change UOM only: Kg. -> mm
SAFE_TO_FIX,25298,NAINR0000921,NRRBR0000112,Kg.,mm,51.000,0,Change UOM only: Kg. -> mm
SAFE_TO_FIX,25299,NAOTR0000918,NRRBR0000102,Kg.,mm,51.000,0,Change UOM only: Kg. -> mm
SAFE_TO_FIX,25406,NAINR0000536,NRRBR0000116,Kg.,mm,42.000,0,Change UOM only: Kg. -> mm
SAFE_TO_FIX,25626,NAINR0000189,NRRBR0000116,Kg.,mm,33.000,0,Change UOM only: Kg. -> mm
SAFE_TO_FIX,25662,NAINR0000969,NRRBR0000112,Kg.,mm,40.000,0,Change UOM only: Kg. -> mm
SAFE_TO_FIX,25665,NCONS0001291,NRRBR0000112,Kg.,mm,65.000,0,Change UOM only: Kg. -> mm
SAFE_TO_FIX,25766,NAINR0000984,NRRBR0000598,Kg.,mm,110.000,0,Change UOM only: Kg. -> mm
SAFE_TO_FIX,25767,NAOTR0000985,NRRBR0000598,Kg.,mm,110.000,0,Change UOM only: Kg. -> mm
SAFE_TO_FIX,25836,NAINR0000992,NRRBR0000116,Kg.,mm,25.000,0,Change UOM only: Kg. -> mm
SAFE_TO_FIX,26064,NAINR0001007,NRRBR0000116,Kg.,mm,31.000,0,Change UOM only: Kg. -> mm
SAFE_TO_FIX,26198,NAFRN0000186,NRRBR0000124,Kg.,mm,27.000,0,Change UOM only: Kg. -> mm
SAFE_TO_FIX,26199,NAOTR0000446,NRRBR0000124,Kg.,mm,52.000,0,Change UOM only: Kg. -> mm
SAFE_TO_FIX,26200,NARRN0000186,NRRBR0000124,Kg.,mm,24.000,0,Change UOM only: Kg. -> mm
SAFE_TO_FIX,26216,NCONS0001367,NRRBR0000116,Kg.,mm,50.000,0,Change UOM only: Kg. -> mm
SAFE_TO_FIX,26221,NAINR0000224,NRRBR0000102,Kg.,mm,34.000,0,Change UOM only: Kg. -> mm
SAFE_TO_FIX,26264,NAINR0001030,NRRBR0000102,Kg.,mm,42.000,0,Change UOM only: Kg. -> mm
SAFE_TO_FIX,26304,NAINR0001028,NRRBR0000124,Kg.,mm,103.000,0,Change UOM only: Kg. -> mm
SAFE_TO_FIX,26306,NAFRN0000616,NRRBR0000124,Kg.,mm,39.000,0,Change UOM only: Kg. -> mm
SAFE_TO_FIX,26346,NAORC0000322,NRRBR0000112,Kg.,mm,256.000,0,Change UOM only: Kg. -> mm
SAFE_TO_FIX,26427,NAFRN0000372,NRRBR0000124,Kg.,mm,31.000,0,Change UOM only: Kg. -> mm
SAFE_TO_FIX,26429,NARRN0000374,NRRBR0000124,Kg.,mm,31.000,0,Change UOM only: Kg. -> mm
SAFE_TO_FIX,26461,NAINR0000362,NRRBR0000116,Kg.,mm,32.000,0,Change UOM only: Kg. -> mm
SAFE_TO_FIX,26462,NAOTR0000323,NRRBR0000116,Kg.,mm,24.000,0,Change UOM only: Kg. -> mm
SAFE_TO_FIX,26606,NAINR0001058,NRRBR0000102,Kg.,mm,31.000,0,Change UOM only: Kg. -> mm
SAFE_TO_FIX,26609,NCONS0001394,NRRBR0000112,Kg.,mm,50.000,0,Change UOM only: Kg. -> mm
SAFE_TO_FIX,26616,NCONS0001407,NRRBR0000112,Kg.,mm,257.000,0,Change UOM only: Kg. -> mm
SAFE_TO_FIX,26619,NCONS0001408,NRRBR0000112,Kg.,mm,208.000,0,Change UOM only: Kg. -> mm
SAFE_TO_FIX,26624,NAINR0001064,NRRBR0000102,Kg.,mm,45.000,0,Change UOM only: Kg. -> mm
SAFE_TO_FIX,26679,NCONS0001438,NRRBR0000112,Kg.,mm,226.000,0,Change UOM only: Kg. -> mm
SAFE_TO_FIX,26682,NCONS0001439,NRRBR0000112,Kg.,mm,191.000,0,Change UOM only: Kg. -> mm
SAFE_TO_FIX,26770,NAINR0001081,NRRBR0000116,Kg.,mm,32.000,0,Change UOM only: Kg. -> mm
SAFE_TO_FIX,26771,NAOTR0001089,NRRBR0000112,Kg.,mm,32.000,0,Change UOM only: Kg. -> mm
SAFE_TO_FIX,27447,NAOTR0000266,NRRBR0000102,Kg.,mm,26.000,0,Change UOM only: Kg. -> mm
SAFE_TO_FIX,27468,NAINR0000157,NRRBR0000102,Kg.,mm,46.000,0,Change UOM only: Kg. -> mm
SAFE_TO_FIX,27473,NAINR0000361,NRRBR0000116,Kg.,mm,32.000,0,Change UOM only: Kg. -> mm
SAFE_TO_FIX,27474,NAOTR0000322,NRRBR0000116,Kg.,mm,24.000,0,Change UOM only: Kg. -> mm
SAFE_TO_FIX,27503,NCONS0001752,NRRBR0000112,Kg.,mm,181.000,0,Change UOM only: Kg. -> mm
SAFE_TO_FIX,27511,NAOTR0001212,NRRBR0000116,Kg.,mm,43.000,0,Change UOM only: Kg. -> mm
SAFE_TO_FIX,27516,NAINR0001240,NRRBR0000102,Kg.,mm,64.000,0,Change UOM only: Kg. -> mm
SAFE_TO_FIX,27646,NAOTR0001234,NRRBR0000116,Kg.,mm,37.000,0,Change UOM only: Kg. -> mm
SAFE_TO_FIX,27739,NAOTR0001242,NRRBR0000102,Kg.,mm,41.000,0,Change UOM only: Kg. -> mm
SAFE_TO_FIX,27858,NCONS0000997,NRRBR0000102,Kg.,mm,87.000,0,Change UOM only: Kg. -> mm
SAFE_TO_FIX,27864,NAOTR0000624,NRRBR0000112,Kg.,mm,30.000,0,Change UOM only: Kg. -> mm
SAFE_TO_FIX,27904,NAOTR0001268,NRRBR0000102,Kg.,mm,42.000,0,Change UOM only: Kg. -> mm
SAFE_TO_FIX,27910,NAINR0001298,NRRBR0000102,Kg.,mm,43.000,0,Change UOM only: Kg. -> mm
SAFE_TO_FIX,27911,NAOTR0001269,NRRBR0000116,Kg.,mm,35.000,0,Change UOM only: Kg. -> mm
SAFE_TO_FIX,28015,NAOTR0000612,NRRBR0000598,Kg.,mm,187.000,0,Change UOM only: Kg. -> mm
SAFE_TO_FIX,28289,NCONS0000908,NRRBR0000124,Kg.,mm,79.000,1,Change UOM only: Kg. -> mm
SAFE_TO_FIX,28720,NSIRG0000007,NRRBR0000598,Kg.,mm,83.000,0,Change UOM only: Kg. -> mm
SAFE_TO_FIX,28721,NAOTR0001403,NRRBR0000598,Kg.,mm,83.000,0,Change UOM only: Kg. -> mm
SAFE_TO_FIX,28861,NAINR0000684,NRRBR0000215,Nos.,mm,1.000,0,Change UOM only: Nos. -> mm
SAFE_TO_FIX,28907,NASPC0000117,NRRBR0000598,Kg.,mm,159.000,0,Change UOM only: Kg. -> mm
SAFE_TO_FIX,28996,NAINR0000681,NRRBR0000598,Kg.,mm,154.000,0,Change UOM only: Kg. -> mm
SAFE_TO_FIX,29187,NCONS0001080,NRRBR0000102,Kg.,mm,58.000,0,Change UOM only: Kg. -> mm
SAFE_TO_FIX,29276,NAFRN0000547,NRRBR0000124,Kg.,mm,20.000,0,Change UOM only: Kg. -> mm
SAFE_TO_FIX,29280,NARRN0000521,NRRBR0000124,Kg.,mm,20.000,0,Change UOM only: Kg. -> mm
SAFE_TO_FIX,29422,NCONS0001295,NRRBR0000124,Kg.,mm,69.000,0,Change UOM only: Kg. -> mm
SAFE_TO_FIX,29425,NCONS0001296,NRRBR0000116,Kg.,mm,57.000,0,Change UOM only: Kg. -> mm
SAFE_TO_FIX,30493,NSTBT0000090,NRRBR0000124,Kg.,mm,619.000,0,Change UOM only: Kg. -> mm
SAFE_TO_FIX,30749,NSJBT0000001,NRRBR0000389,Kg.,mm,20.000,0,Change UOM only: Kg. -> mm
SAFE_TO_FIX,30879,NSTRW0000016,NRRBR0000124,Kg.,mm,13.000,0,Change UOM only: Kg. -> mm
SAFE_TO_FIX,31007,NSNBD0000020,NRRBR0000124,Kg.,mm,41.000,0,Change UOM only: Kg. -> mm
SAFE_TO_FIX,31471,NBGBS0000050,NRRBR0000389,Kg.,mm,25.000,0,Change UOM only: Kg. -> mm
SAFE_TO_FIX,32179,NACLS0000116,NRRBR0000090,Kg.,mm,70.000,0,Change UOM only: Kg. -> mm
SAFE_TO_FIX,32200,NCONS0001589,NRRBR0000116,Kg.,mm,58.000,1,Change UOM only: Kg. -> mm
SAFE_TO_FIX,32203,NCONS0001588,NRRBR0000112,Kg.,mm,58.000,1,Change UOM only: Kg. -> mm
SAFE_TO_FIX,32233,NAIRC0000609,NRRBR0000102,Kg.,mm,61.000,0,Change UOM only: Kg. -> mm
SAFE_TO_FIX,32264,NAIRC0000598,NRRBR0000116,Kg.,mm,69.000,0,Change UOM only: Kg. -> mm
SAFE_TO_FIX,32268,NAORC0000572,NRRBR0000102,Kg.,mm,69.000,0,Change UOM only: Kg. -> mm
SAFE_TO_FIX,32270,NAORC0000586,NRRBR0000102,Kg.,mm,67.000,0,Change UOM only: Kg. -> mm
SAFE_TO_FIX,32709,NSWSR0000006,NRRBR0000124,Kg.,mm,7.000,0,Change UOM only: Kg. -> mm
SAFE_TO_FIX,32822,NCONS0001009,NRRBR0000116,Kg.,mm,69.000,0,Change UOM only: Kg. -> mm
SAFE_TO_FIX,32836,NCONS0000869,NRRBR0000116,Kg.,mm,69.000,1,Change UOM only: Kg. -> mm
SAFE_TO_FIX,33070,NAOTR0000075,NRRBR0000116,Kg.,mm,32.000,0,Change UOM only: Kg. -> mm
SAFE_TO_FIX,33199,NAOTR0000163,NRRBR0000102,Kg.,mm,35.000,0,Change UOM only: Kg. -> mm
SAFE_TO_FIX,33217,NAOTR0000116,NRRBR0000102,Kg.,mm,36.000,0,Change UOM only: Kg. -> mm
SAFE_TO_FIX,33225,NAINR0000132,NRRBR0000102,Kg.,mm,46.000,1,Change UOM only: Kg. -> mm
SAFE_TO_FIX,33389,NAOTR0000636,NRRBR0000102,Kg.,mm,42.000,1,Change UOM only: Kg. -> mm
SAFE_TO_FIX,33438,NAOTR0000320,NRRBR0000112,Kg.,mm,24.000,1,Change UOM only: Kg. -> mm
SAFE_TO_FIX,33441,NAOTR0000126,NRRBR0000116,Kg.,mm,35.000,0,Change UOM only: Kg. -> mm
SAFE_TO_FIX,33456,NAORC0000323,NRRBR0000102,Kg.,mm,110.000,0,Change UOM only: Kg. -> mm
SAFE_TO_FIX,33627,NAINR0000757,NRRBR0000102,Kg.,mm,34.000,0,Change UOM only: Kg. -> mm
SAFE_TO_FIX,33628,NAOTR0000745,NRRBR0000116,Kg.,mm,26.000,0,Change UOM only: Kg. -> mm
SAFE_TO_FIX,33692,NAOTR0000229,NRRBR0000102,Kg.,mm,26.000,0,Change UOM only: Kg. -> mm
SAFE_TO_FIX,34009,NAOTR0000196,NRRBR0000102,Kg.,mm,26.000,0,Change UOM only: Kg. -> mm
SAFE_TO_FIX,34228,NAOTR0000223,NRRBR0000116,Kg.,mm,26.000,0,Change UOM only: Kg. -> mm
SAFE_TO_FIX,34592,NAOTR0000813,NRRBR0000102,Kg.,mm,26.000,0,Change UOM only: Kg. -> mm
SAFE_TO_FIX,34640,NAFRN0000537,NRRBR0000124,Kg.,mm,31.000,0,Change UOM only: Kg. -> mm
SAFE_TO_FIX,34641,NARRN0000511,NRRBR0000124,Kg.,mm,31.000,0,Change UOM only: Kg. -> mm
SAFE_TO_FIX,34713,NCONS0001109,NRRBR0000112,Kg.,mm,251.000,0,Change UOM only: Kg. -> mm
SAFE_TO_FIX,35045,NCONS0001172,NRRBR0000112,Kg.,mm,71.000,0,Change UOM only: Kg. -> mm
SAFE_TO_FIX,35164,NAINR0000958,NRRBR0000124,Kg.,mm,94.000,0,Change UOM only: Kg. -> mm
SAFE_TO_FIX,35229,NAFRN0000587,NRRBR0000124,Kg.,mm,31.000,0,Change UOM only: Kg. -> mm
SAFE_TO_FIX,35230,NARRN0000560,NRRBR0000124,Kg.,mm,31.000,0,Change UOM only: Kg. -> mm
SAFE_TO_FIX,35323,NAINR0000985,NRRBR0000116,Kg.,mm,31.000,0,Change UOM only: Kg. -> mm
SAFE_TO_FIX,35369,NAOTR0000259,NRRBR0000102,Kg.,mm,26.000,0,Change UOM only: Kg. -> mm
SAFE_TO_FIX,35596,NAFRN0000371,NRRBR0000124,Kg.,mm,31.000,0,Change UOM only: Kg. -> mm
SAFE_TO_FIX,35597,NARRN0000373,NRRBR0000124,Kg.,mm,31.000,0,Change UOM only: Kg. -> mm
SAFE_TO_FIX,35675,NAFRN0000632,NRRBR0000124,Kg.,mm,24.000,0,Change UOM only: Kg. -> mm
SAFE_TO_FIX,35676,NARRN0000596,NRRBR0000124,Kg.,mm,24.000,0,Change UOM only: Kg. -> mm
SAFE_TO_FIX,35677,NAOTR0001047,NRRBR0000124,Kg.,mm,49.000,0,Change UOM only: Kg. -> mm
SAFE_TO_FIX,35706,NAINR0001041,NRRBR0000102,Kg.,mm,31.000,0,Change UOM only: Kg. -> mm
SAFE_TO_FIX,35802,NAOTR0001072,NRRBR0000102,Kg.,mm,35.000,0,Change UOM only: Kg. -> mm
SAFE_TO_FIX,35841,NCONS0001423,NRRBR0000112,Kg.,mm,54.000,0,Change UOM only: Kg. -> mm
SAFE_TO_FIX,35867,NAINR0000258,NRRBR0000124,Kg.,mm,54.000,0,Change UOM only: Kg. -> mm
SAFE_TO_FIX,35871,NAFRN0000049,NRRBR0000124,Kg.,mm,27.000,0,Change UOM only: Kg. -> mm
SAFE_TO_FIX,35872,NARRN0000049,NRRBR0000124,Kg.,mm,27.000,0,Change UOM only: Kg. -> mm
SAFE_TO_FIX,35897,NCONS0001447,NRRBR0000116,Kg.,mm,79.000,0,Change UOM only: Kg. -> mm
SAFE_TO_FIX,35918,NAINR0001082,NRRBR0000102,Kg.,mm,33.000,0,Change UOM only: Kg. -> mm
SAFE_TO_FIX,36179,NCONS0001065,NRRBR0000102,Kg.,mm,62.000,0,Change UOM only: Kg. -> mm
SAFE_TO_FIX,36247,NCONS0001130,NRRBR0000124,Kg.,mm,66.000,0,Change UOM only: Kg. -> mm
SAFE_TO_FIX,36527,NSORG0000871,NRRBR0000124,Kg.,mm,30.000,0,Change UOM only: Kg. -> mm
SAFE_TO_FIX,36542,NSORG0000872,NRRBR0000124,Kg.,mm,30.000,0,Change UOM only: Kg. -> mm
SAFE_TO_FIX,36694,NAINR0001019,NRRBR0000124,Kg.,mm,46.000,0,Change UOM only: Kg. -> mm
SAFE_TO_FIX,36878,NCONS0001847,NRRBR0000102,Kg.,mm,65.000,0,Change UOM only: Kg. -> mm
SAFE_TO_FIX,36880,NCONS0001883,NRRBR0000116,Kg.,mm,66.000,0,Change UOM only: Kg. -> mm
SAFE_TO_FIX,36902,NCONS0002093,NRRBR0000102,Kg.,mm,72.000,0,Change UOM only: Kg. -> mm
SAFE_TO_FIX,36904,NCONS0002096,NRRBR0000102,Kg.,mm,59.000,0,Change UOM only: Kg. -> mm
SAFE_TO_FIX,37012,NCONS0000758,NRRBR0000116,Kg.,mm,71.000,0,Change UOM only: Kg. -> mm
SAFE_TO_FIX,37027,NCONS0000787,NRRBR0000102,Kg.,mm,69.000,0,Change UOM only: Kg. -> mm
SAFE_TO_FIX,37028,NCONS0000788,NRRBR0000102,Kg.,mm,69.000,0,Change UOM only: Kg. -> mm
SAFE_TO_FIX,37069,NCONS0000738,NRRBR0000112,Kg.,mm,120.000,0,Change UOM only: Kg. -> mm
SAFE_TO_FIX,37078,NCONS0000904,NRRBR0000102,Kg.,mm,140.000,0,Change UOM only: Kg. -> mm
SAFE_TO_FIX,37107,NCONS0000978,NRRBR0000124,Kg.,mm,64.000,1,Change UOM only: Kg. -> mm
SAFE_TO_FIX,37121,NCONS0001000,NRRBR0000124,Kg.,mm,145.000,0,Change UOM only: Kg. -> mm
SAFE_TO_FIX,37122,NCONS0001001,NRRBR0000124,Kg.,mm,113.000,0,Change UOM only: Kg. -> mm
SAFE_TO_FIX,37173,NCONS0001323,NRRBR0000044,Kg.,mm,833.000,0,Change UOM only: Kg. -> mm
SAFE_TO_FIX,37207,NCONS0001451,NRRBR0000112,Kg.,mm,85.000,1,Change UOM only: Kg. -> mm
SAFE_TO_FIX,37227,NCONS0001496,NRRBR0000112,Kg.,mm,65.000,0,Change UOM only: Kg. -> mm
SAFE_TO_FIX,37228,NCONS0001497,NRRBR0000116,Kg.,mm,65.000,0,Change UOM only: Kg. -> mm
SAFE_TO_FIX,37229,NCONS0001499,NRRBR0000112,Kg.,mm,57.000,0,Change UOM only: Kg. -> mm
SAFE_TO_FIX,37230,NCONS0001500,NRRBR0000116,Kg.,mm,57.000,0,Change UOM only: Kg. -> mm
SAFE_TO_FIX,37258,NCONS0001573,NRRBR0000102,Kg.,mm,90.000,0,Change UOM only: Kg. -> mm
SAFE_TO_FIX,37308,NCONS0001661,NRRBR0000102,Kg.,mm,90.000,0,Change UOM only: Kg. -> mm
SAFE_TO_FIX,37390,NCONS0001759,NRRBR0000116,Kg.,mm,90.000,0,Change UOM only: Kg. -> mm
SAFE_TO_FIX,37421,NCONS0001799,NRRBR0000102,Kg.,mm,90.000,0,Change UOM only: Kg. -> mm
SAFE_TO_FIX,37462,NCONS0001856,NRRBR0000116,Kg.,mm,90.000,0,Change UOM only: Kg. -> mm
SAFE_TO_FIX,37478,NCONS0001875,NRRBR0000102,Kg.,mm,69.000,0,Change UOM only: Kg. -> mm
SAFE_TO_FIX,37491,NCONS0001890,NRRBR0000102,Kg.,mm,90.000,0,Change UOM only: Kg. -> mm
SAFE_TO_FIX,37517,NCONS0001927,NRRBR0000102,Kg.,mm,90.000,0,Change UOM only: Kg. -> mm
SAFE_TO_FIX,37529,NCONS0001945,NRRBR0000102,Kg.,mm,70.000,0,Change UOM only: Kg. -> mm
SAFE_TO_FIX,37532,NCONS0001948,NRRBR0000102,Kg.,mm,90.000,0,Change UOM only: Kg. -> mm
SAFE_TO_FIX,37555,NCONS0002001,NRRBR0000116,Kg.,mm,90.000,0,Change UOM only: Kg. -> mm
SAFE_TO_FIX,37577,NCONS0002048,NRRBR0000102,Kg.,mm,90.000,0,Change UOM only: Kg. -> mm
SAFE_TO_FIX,37594,NCONS0002094,NRRBR0000102,Kg.,mm,90.000,0,Change UOM only: Kg. -> mm
SAFE_TO_FIX,37985,NSCVR0001549,NRRBR0000102,Kg.,mm,1.000,0,Change UOM only: Kg. -> mm
SAFE_TO_FIX,38071,NSCVR0001641,NRRBR0000579,Kg.,mm,37.000,0,Change UOM only: Kg. -> mm
SAFE_TO_FIX,38074,NSCVR0001640,NRRBR0000580,Kg.,mm,39.000,0,Change UOM only: Kg. -> mm
SAFE_TO_FIX,38352,NHNDL0000008,NRRBR0000112,Kg.,mm,26.000,0,Change UOM only: Kg. -> mm
SAFE_TO_FIX,38572,NAFRN0000833,NRRBR0000124,Kg.,mm,26.000,0,Change UOM only: Kg. -> mm
SAFE_TO_FIX,38575,NBGBS0000049,NRRBR0000389,Kg.,mm,22.000,0,Change UOM only: Kg. -> mm
SAFE_TO_FIX,38577,NBGBS0000057,NRRBR0000389,Kg.,mm,18.000,0,Change UOM only: Kg. -> mm
SAFE_TO_FIX,38578,NBGBS0000056,NRRBR0000389,Kg.,mm,1.000,0,Change UOM only: Kg. -> mm
SAFE_TO_FIX,38586,NHNDL0000007,NRRBR0000112,Kg.,mm,53.000,0,Change UOM only: Kg. -> mm
SAFE_TO_FIX,38587,NHNDL0000006,NRRBR0000112,Kg.,mm,26.000,0,Change UOM only: Kg. -> mm
SAFE_TO_FIX,38661,NBHXN0001668,NRRBR0000116,Kg.,mm,31.000,0,Change UOM only: Kg. -> mm
SAFE_TO_FIX,38673,NHDPN0000005,NRRBR0000112,Kg.,mm,147.000,0,Change UOM only: Kg. -> mm
SAFE_TO_FIX,38685,NHDPN0000028,NRRBR0000112,Kg.,mm,83.000,0,Change UOM only: Kg. -> mm
SAFE_TO_FIX,38687,NHDPN0000031,NRRBR0000116,Kg.,mm,128.000,0,Change UOM only: Kg. -> mm
SAFE_TO_FIX,38698,NHDPN0000051,NRRBR0000102,Kg.,mm,93.000,0,Change UOM only: Kg. -> mm
SAFE_TO_FIX,38701,NHDPN0000052,NRRBR0000124,Kg.,mm,423.000,0,Change UOM only: Kg. -> mm
SAFE_TO_FIX,38702,NHDPN0000053,NRRBR0000124,Kg.,mm,373.000,0,Change UOM only: Kg. -> mm
SAFE_TO_FIX,38705,NHDPN0000062,NRRBR0000112,Kg.,mm,63.000,0,Change UOM only: Kg. -> mm
SAFE_TO_FIX,38706,NHDPN0000057,NRRBR0000124,Kg.,mm,376.000,0,Change UOM only: Kg. -> mm
SAFE_TO_FIX,38720,NHDPN0000114,NRRBR0000112,Kg.,mm,90.000,0,Change UOM only: Kg. -> mm
SAFE_TO_FIX,38721,NHDPN0000115,NRRBR0000112,Kg.,mm,148.000,0,Change UOM only: Kg. -> mm
SAFE_TO_FIX,38723,NHDPN0000097,NRRBR0000124,Kg.,mm,298.000,0,Change UOM only: Kg. -> mm
SAFE_TO_FIX,38727,NHDPN0001488,NRRBR0000116,Kg.,mm,127.000,0,Change UOM only: Kg. -> mm
SAFE_TO_FIX,38733,NHDPN0001502,NRRBR0000124,Kg.,mm,453.000,0,Change UOM only: Kg. -> mm
SAFE_TO_FIX,38735,NHDPN0001510,NRRBR0000124,Kg.,mm,366.000,0,Change UOM only: Kg. -> mm
SAFE_TO_FIX,38737,NHDPN0001521,NRRBR0000102,Kg.,mm,1.000,0,Change UOM only: Kg. -> mm
SAFE_TO_FIX,38750,NHDPN0001551,NRRBR0000124,Kg.,mm,370.000,0,Change UOM only: Kg. -> mm
SAFE_TO_FIX,38753,NHDPN0001559,NRRBR0000116,Kg.,mm,99.000,0,Change UOM only: Kg. -> mm
SAFE_TO_FIX,38855,NAIRC0000096,NRRBR0000080,Kg.,mm,98.000,0,Change UOM only: Kg. -> mm
SAFE_TO_FIX,38857,NAIRC0000097,NRRBR0000080,Kg.,mm,98.000,0,Change UOM only: Kg. -> mm
SAFE_TO_FIX,38861,NAIRC0000087,NRRBR0000080,Kg.,mm,88.000,1,Change UOM only: Kg. -> mm
SAFE_TO_FIX,38862,NAIRC0000089,NRRBR0000080,Kg.,mm,88.000,0,Change UOM only: Kg. -> mm
SAFE_TO_FIX,38864,NAIRC0000092,NRRBR0000080,Kg.,mm,88.000,1,Change UOM only: Kg. -> mm
SAFE_TO_FIX,39949,NAINR0000047,NRRBR0000116,Kg.,mm,38.000,1,Change UOM only: Kg. -> mm
SAFE_TO_FIX,39960,NAINR0000339,NRRBR0000124,Kg.,mm,36.000,1,Change UOM only: Kg. -> mm
SAFE_TO_FIX,40003,NAINR0001148,NRRBR0000124,Kg.,mm,33.000,0,Change UOM only: Kg. -> mm
SAFE_TO_FIX,40004,NAINR0001149,NRRBR0000124,Kg.,mm,33.000,1,Change UOM only: Kg. -> mm
SAFE_TO_FIX,40025,NAINR0001172,NRRBR0000116,Kg.,mm,31.000,0,Change UOM only: Kg. -> mm
SAFE_TO_FIX,40053,NAINR0001204,NRRBR0000116,Kg.,mm,46.000,0,Change UOM only: Kg. -> mm
SAFE_TO_FIX,40055,NAINR0000326,NRRBR0000116,Kg.,mm,26.000,0,Change UOM only: Kg. -> mm
SAFE_TO_FIX,40061,NAINR0001213,NRRBR0000112,Kg.,mm,48.000,0,Change UOM only: Kg. -> mm
SAFE_TO_FIX,40070,NAINR0001224,NRRBR0000102,Kg.,mm,46.000,0,Change UOM only: Kg. -> mm
SAFE_TO_FIX,40104,NAINR0001260,NRRBR0000102,Kg.,mm,37.000,0,Change UOM only: Kg. -> mm
SAFE_TO_FIX,40114,NAINR0001184,NRRBR0000124,Kg.,mm,31.000,0,Change UOM only: Kg. -> mm
SAFE_TO_FIX,40173,NAINR0000327,NRRBR0000116,Kg.,mm,26.000,0,Change UOM only: Kg. -> mm
SAFE_TO_FIX,40238,NAINR0000454,NRRBR0000102,Kg.,mm,70.000,0,Change UOM only: Kg. -> mm
SAFE_TO_FIX,40270,NAINR0001418,NRRBR0000102,Kg.,mm,33.000,0,Change UOM only: Kg. -> mm
SAFE_TO_FIX,40343,NSMPL0000590,NRRBR0000102,Kg.,mm,1.000,0,Change UOM only: Kg. -> mm
SAFE_TO_FIX,40480,NSNBD0001415,NRRBR0000124,Kg.,mm,39.000,0,Change UOM only: Kg. -> mm
SAFE_TO_FIX,40496,NSNBD0001432,NRRBR0000090,Kg.,mm,37.000,1,Change UOM only: Kg. -> mm
SAFE_TO_FIX,41150,NAORC0001409,NRRBR0000102,Kg.,mm,1.000,0,Change UOM only: Kg. -> mm
SAFE_TO_FIX,41182,NAORC0001444,NRRBR0000080,Kg.,mm,158.000,0,Change UOM only: Kg. -> mm
SAFE_TO_FIX,41200,NAORC0001488,NRRBR0000080,Kg.,mm,149.000,0,Change UOM only: Kg. -> mm
SAFE_TO_FIX,41227,NAORC0001498,NRRBR0000578,Kg.,mm,143.000,0,Change UOM only: Kg. -> mm
SAFE_TO_FIX,41230,NAORC0001497,NRRBR0000578,Kg.,mm,104.000,0,Change UOM only: Kg. -> mm
SAFE_TO_FIX,41323,NAOTR0000046,NRRBR0000116,Kg.,mm,32.000,1,Change UOM only: Kg. -> mm
SAFE_TO_FIX,41324,NAOTR0000047,NRRBR0000116,Kg.,mm,32.000,1,Change UOM only: Kg. -> mm
SAFE_TO_FIX,41339,NAOTR0000114,NRRBR0000116,Kg.,mm,32.000,0,Change UOM only: Kg. -> mm
SAFE_TO_FIX,41345,NAOTR0000300,NRRBR0000124,Kg.,mm,28.000,1,Change UOM only: Kg. -> mm
SAFE_TO_FIX,41363,NAOTR0000164,NRRBR0000102,Kg.,mm,35.000,1,Change UOM only: Kg. -> mm
SAFE_TO_FIX,41364,NAOTR0000137,NRRBR0000124,Kg.,mm,39.000,0,Change UOM only: Kg. -> mm
SAFE_TO_FIX,41370,NSORG0000002,NRRBR0000116,Kg.,mm,80.000,0,Change UOM only: Kg. -> mm
SAFE_TO_FIX,41392,NAOTR0001135,NRRBR0000102,Kg.,mm,26.000,0,Change UOM only: Kg. -> mm
SAFE_TO_FIX,41416,NAOTR0001168,NRRBR0000116,Kg.,mm,27.000,0,Change UOM only: Kg. -> mm
SAFE_TO_FIX,41433,NAOTR0000287,NRRBR0000116,Kg.,mm,21.000,0,Change UOM only: Kg. -> mm
SAFE_TO_FIX,41445,NAOTR0001203,NRRBR0000102,Kg.,mm,35.000,0,Change UOM only: Kg. -> mm
SAFE_TO_FIX,41541,NAOTR0000288,NRRBR0000116,Kg.,mm,21.000,0,Change UOM only: Kg. -> mm
SAFE_TO_FIX,41546,NAOTR0001313,NRRBR0000124,Kg.,mm,19.000,0,Change UOM only: Kg. -> mm
SAFE_TO_FIX,41564,NAOTR0001332,NRRBR0000116,Kg.,mm,27.000,0,Change UOM only: Kg. -> mm
SAFE_TO_FIX,41580,NAOTR0001345,NRRBR0000102,Kg.,mm,49.000,0,Change UOM only: Kg. -> mm
SAFE_TO_FIX,41626,NAOTR0001402,NRRBR0000124,Kg.,mm,50.000,0,Change UOM only: Kg. -> mm
SAFE_TO_FIX,41810,NARRN0000784,NRRBR0000124,Kg.,mm,26.000,0,Change UOM only: Kg. -> mm
SAFE_TO_FIX,41822,NSRLR0000078,NRRBR0000044,Kg.,mm,91.000,0,Change UOM only: Kg. -> mm
SAFE_TO_FIX,41826,NSRLR0000086,NRRBR0000044,Kg.,mm,66.000,0,Change UOM only: Kg. -> mm
SAFE_TO_FIX,41827,NSRLR0000088,NRRBR0000044,Kg.,mm,52.000,0,Change UOM only: Kg. -> mm
SAFE_TO_FIX,41828,NSRLR0000097,NRRBR0000044,Kg.,mm,61.000,0,Change UOM only: Kg. -> mm
SAFE_TO_FIX,41856,NSRLR0000178,NRRBR0000044,Kg.,mm,57.000,0,Change UOM only: Kg. -> mm
SAFE_TO_FIX,41868,NSHCL0001212,NRRBR0000116,Kg.,mm,23.000,0,Change UOM only: Kg. -> mm
SAFE_TO_FIX,41908,NSLVE0001378,NRRBR0000102,Kg.,mm,1.000,0,Change UOM only: Kg. -> mm
SAFE_TO_FIX,41931,NASPC0000161,NRRBR0000102,Kg.,mm,44.000,0,Change UOM only: Kg. -> mm
SAFE_TO_FIX,42015,NSPRG0000067,NRRBR0000044,Kg.,mm,69.000,0,Change UOM only: Kg. -> mm
SAFE_TO_FIX,42023,NSPRG0000075,NRRBR0000044,Kg.,mm,54.000,0,Change UOM only: Kg. -> mm
SAFE_TO_FIX,42024,NSPRG0000076,NRRBR0000044,Kg.,mm,69.000,0,Change UOM only: Kg. -> mm
SAFE_TO_FIX,42052,NSPRG0000126,NRRBR0000044,Kg.,mm,54.000,0,Change UOM only: Kg. -> mm
SAFE_TO_FIX,42109,NSPRG0000226,NRRBR0000044,Kg.,mm,1050.000,0,Change UOM only: Kg. -> mm
SAFE_TO_FIX,42130,NSSTD0000038,NRRBR0000102,Kg.,mm,1.000,0,Change UOM only: Kg. -> mm
SAFE_TO_FIX,42134,NSTBT0000075,NRRBR0000124,Kg.,mm,599.000,0,Change UOM only: Kg. -> mm
SAFE_TO_FIX,42136,NSTBT0000085,NRRBR0000124,Kg.,mm,338.000,0,Change UOM only: Kg. -> mm
SAFE_TO_FIX,42149,NSTBT0000129,NRRBR0000124,Kg.,mm,379.000,0,Change UOM only: Kg. -> mm
SAFE_TO_FIX,42156,NSTBT0000151,NRRBR0000124,Kg.,mm,715.000,0,Change UOM only: Kg. -> mm
SAFE_TO_FIX,42181,NTLBA0000068,NRRBR0000116,Kg.,mm,32.000,0,Change UOM only: Kg. -> mm
SAFE_TO_FIX,42381,NTPFB0000035,NRRBR0000102,Kg.,mm,117.000,0,Change UOM only: Kg. -> mm
SAFE_TO_FIX,42391,NSWSR0000022,NRRBR0000124,Kg.,mm,8.000,0,Change UOM only: Kg. -> mm
SAFE_TO_FIX,42435,NSWSR0000174,NRRBR0000112,Kg.,mm,66.000,0,Change UOM only: Kg. -> mm
SAFE_TO_FIX,42467,NSWSR0000303,NRRBR0000116,Kg.,mm,90.000,0,Change UOM only: Kg. -> mm
SAFE_TO_FIX,42468,NSWSR0000304,NRRBR0000116,Kg.,mm,90.000,0,Change UOM only: Kg. -> mm
SAFE_TO_FIX,42484,NSWSR0000343,NRRBR0000102,Kg.,mm,90.000,0,Change UOM only: Kg. -> mm
SAFE_TO_FIX,42488,NSWSR0000305,NRRBR0000102,Kg.,mm,90.000,0,Change UOM only: Kg. -> mm
SAFE_TO_FIX,42496,NSWSR0000353,NRRBR0000102,Kg.,mm,18.000,0,Change UOM only: Kg. -> mm
SAFE_TO_FIX,42502,NSWSR0000368,NRRBR0000112,Kg.,mm,13.000,0,Change UOM only: Kg. -> mm
SAFE_TO_FIX,42503,NSWSR0000369,NRRBR0000116,Kg.,mm,13.000,0,Change UOM only: Kg. -> mm
SAFE_TO_FIX,42540,NSWSR0000433,NRRBR0000102,Kg.,mm,1.000,0,Change UOM only: Kg. -> mm
SAFE_TO_FIX,42578,NSWSR0000487,NRRBR0000112,Kg.,mm,68.000,0,Change UOM only: Kg. -> mm
SAFE_TO_FIX,42614,NSWSR0000560,NRRBR0000112,Kg.,mm,89.000,0,Change UOM only: Kg. -> mm
